"Symbol";"Name";"MarketCap";"Exchange"
"AA-P";"Alcoa Inc.";"$43.6";"AMEX"
"AAC";"Ableauctions.Com Inc";"$4.3";"AMEX"
"AAU";"Almaden Minerals, Ltd.";"$89.4";"AMEX"
"ABL";"American Biltrite Inc.";"$19.1";"AMEX"
"ABP";"Abraxas Petroleum Corporation";"$219.0";"AMEX"
"ACU";"Acme United Corporation.";"$46.9";"AMEX"
"ACY";"AeroCentury Corp.";"$19.2";"AMEX"
"ADG";"Allied Defense Group (The)";"$40.8";"AMEX"
"ADH";"Adherex Technologies Inc";"$26.9";"AMEX"
"ADJ";"Morgan Stanley";"$0.0";"AMEX"
"ADK";"Adcare Health Systems Inc";"$8.5";"AMEX"
"ADK-WT";"ADCARE HEALTH SYSTEMS INC";"$0.0";"AMEX"
"ADL";"AMDL INC";"$42.5";"AMEX"
"AE";"Adams Resources & Energy, Inc.";"$143.6";"AMEX"
"AEZ";"American Oil & Gas, Inc.";"$156.2";"AMEX"
"AFO";"Safety First Trust";"NA";"AMEX"
"AFP";"United Capital Corporation";"$169.5";"AMEX"
"AFT";"AXESSTEL INC";"$19.3";"AMEX"
"AGB";"Citigroup Inc.";"$74.3";"AMEX"
"AGT";"Apollo Gold Corporation";"$78.9";"AMEX"
"AGW";"Merrill Lynch & Co., Inc.";"$0.0";"AMEX"
"AGX";"Argan, Inc.";"$161.6";"AMEX"
"AID";"Law Enforcement Associates Corporation";"$6.4";"AMEX"
"AIM";"Aerosonic Corporation";"$9.0";"AMEX"
"AIP";"American Israeli Paper Mills, Ltd.";"$357.2";"AMEX"
"AIS";"Antares Pharma, Inc.";"$48.4";"AMEX"
"AKE";"Safety First Trust";"NA";"AMEX"
"AKN";"Safety First Trust";"NA";"AMEX"
"AMC";"American Mortgage Acceptance Company";"$4.3";"AMEX"
"AMC-PA";"American Mortgage Acceptance Company";"$2.7";"AMEX"
"AMK";"Morgan Stanley";"$0.0";"AMEX"
"AMM";"Safety First Trust";"NA";"AMEX"
"AMS";"American Shared Hospital Services";"$9.6";"AMEX"
"AMV";"Alternative Asset Management Acquisition Corp";"$481.3";"AMEX"
"AMV-U";"Alternative Asset Management Acquisition Corp";"$0.0";"AMEX"
"AMV-WT";"Alternative Asset Management Acquisition Corp";"$0.0";"AMEX"
"AMY";"AmREIT, Inc";"$38.7";"AMEX"
"ANE";"American Community Newspapers Inc.";"$2.9";"AMEX"
"ANE-U";"American Community Newspapers Inc.";"$0.0";"AMEX"
"ANE-WT";"American Community Newspapers Inc.";"$0.0";"AMEX"
"ANO";"Anooraq Resources Corporation";"$446.8";"AMEX"
"ANV";"Allied Nevada Gold Corp";"$341.2";"AMEX"
"ANX";"ADVENTRX Pharmaceuticals, Inc.";"$32.7";"AMEX"
"ANY";"Morgan Stanley";"$0.0";"AMEX"
"AOG";"Aurora Oil & Gas Corporation";"$47.3";"AMEX"
"API";"Advanced Photonix, Inc.";"$31.2";"AMEX"
"APO";"American Community Properties Trust";"$58.8";"AMEX"
"APP";"American Apparel Inc";"$439.7";"AMEX"
"APT";"Alpha Pro Tech, Ltd.";"$25.8";"AMEX"
"APY";"Aspyra,  Inc.";"$6.8";"AMEX"
"AQQ";"American Spectrum Realty, Inc.";"$52.7";"AMEX"
"ASY";"Elecsys Corporation";"$21.4";"AMEX"
"ATA";"Safety First Trust";"NA";"AMEX"
"ATC";"Cycle Country Accessories Corporation";"$9.3";"AMEX"
"ATF";"Equity Income Fund, First Exchange Series";"$951.7";"AMEX"
"ATX";"Cross (A.T.) Company";"$100.1";"AMEX"
"AUS";"NETS Trust";"NA";"AMEX"
"AVN";"Morgan Stanley";"$104.6";"AMEX"
"AWO";"Wachovia Corporation";"$10.5";"AMEX"
"AWX";"Avalon Holdings Corporation";"$11.9";"AMEX"
"AXC";"Advanced Technology Acquisition Corp";"$205.9";"AMEX"
"AXC-U";"Advanced Technology Acquisition Corp";"$0.0";"AMEX"
"AXC-WT";"Advanced Technology Acquisition Corp";"$0.0";"AMEX"
"AXD";"Merrill Lynch & Co., Inc.";"NA";"AMEX"
"AXF";"AB Svensk Ekportkredit (Swedish Export Credit Corporation)";"$51.0";"AMEX"
"AXG";"Atlas Acquisition Holdings Corp";"$230.0";"AMEX"
"AXG-U";"Atlas Acquisition Holdings Corp";"$0.0";"AMEX"
"AXG-WT";"Atlas Acquisition Holdings Corp";"$0.0";"AMEX"
"AXK";"Accelr8 Technology Corporation";"$43.2";"AMEX"
"AXU";"Alexco Resource Corp";"$98.9";"AMEX"
"AYA";"Alyst Acquisition Corp";"$72.5";"AMEX"
"AYA-U";"Alyst Acquisition Corp";"$0.0";"AMEX"
"AYA-WT";"Alyst Acquisition Corp";"$0.0";"AMEX"
"AZB";"MORGAN STANLEY";"$40.5";"AMEX"
"AZC";"Augusta Resource Corporation";"$505.0";"AMEX"
"AZK";"Aurizon Mines, Ltd.";"$721.9";"AMEX"
"AZP";"Safety First Trust";"NA";"AMEX"
"BAA";"BANRO CORPORATION";"$261.1";"AMEX"
"BBH";"Merrill Lynch Biotech HOLDRS";"$1,185.1";"AMEX"
"BCL";"BlackRock California Municipal Income Trust II";"$104.1";"AMEX"
"BCP";"Brooke Capital Corporation";"$17.2";"AMEX"
"BCT";"BlackRock Broad Investment Grade 2009 Term Trust Inc. (The)";"$40.5";"AMEX"
"BCV";"Bancroft Convertible Fund, Inc.";"$98.3";"AMEX"
"BDH";"Merrill Lynch Broadband HOLDRS";"$77.1";"AMEX"
"BDL";"Flanigan's Enterprises, Inc.";"$11.8";"AMEX"
"BDR";"Blonder Tongue Laboratories, Inc.";"$7.0";"AMEX"
"BEM";"MORGAN STANLEY";"$28.1";"AMEX"
"BFY";"BlackRock New York Municipal Income Trust II";"$66.6";"AMEX"
"BGD";"Morgan Stanley Dean Witter & Co.";"$43.7";"AMEX"
"BHB";"Bar Harbor Bankshares, Inc.";"$74.9";"AMEX"
"BHH";"Merrill Lynch B2B Internet HOLDRS";"$4.2";"AMEX"
"BHO";"B+H Ocean Carriers Ltd.";"$72.1";"AMEX"
"BHV";"BlackRock Virginia Municipal Bond Trust";"$28.7";"AMEX"
"BHZ";"Morgan Stanley";"$17.8";"AMEX"
"BIK";"SPDR Index Shares Fund";"$259.0";"AMEX"
"BIL";"SPDR Series Trust";"$128.5";"AMEX"
"BIO";"Bio-Rad Laboratories, Inc.";"$1,752.4";"AMEX"
"BIO-B";"Bio-Rad Laboratories, Inc.";"$412.4";"AMEX"
"BIR-PA";"Berkshire Income Realty, Inc.";"$73.0";"AMEX"
"BIV";"Vanguard Bond Index Funds";"NA";"AMEX"
"BJK";"Market Vectors ETF Trust";"$3.0";"AMEX"
"BJT";"Merrill Lynch & Co., Inc.";"NA";"AMEX"
"BJV";"AB Svensk Ekportkredit (Swedish Export Credit Corporation)";"$33.4";"AMEX"
"BJW";"Merrill Lynch & Co., Inc.";"$0.0";"AMEX"
"BKJ";"Bancorp of New Jersey, Inc";"NA";"AMEX"
"BKR";"Baker (Michael) Corporation";"$240.1";"AMEX"
"BLB";"Merrill Lynch & Co., Inc.";"$0.0";"AMEX"
"BLD";"Baldwin Technology Company, Inc.";"$33.4";"AMEX"
"BLE";"BlackRock Municipal Income Trust II";"$313.0";"AMEX"
"BLJ";"Blackrock New Jersey Municipal Bond Trust";"$34.4";"AMEX"
"BLM";"Citigroup Inc.";"$0.0";"AMEX"
"BLV";"Vanguard Bond Index Funds";"NA";"AMEX"
"BMD";"Birch Mountain Resources, Ltd.";"$26.9";"AMEX"
"BMJ";"Birks & Mayors Inc.";"$9.4";"AMEX"
"BND";"Vanguard Bond Index Funds";"NA";"AMEX"
"BNP";"Morgan Stanley";"$0.0";"AMEX"
"BNV";"Beverly National Corporation";"$51.3";"AMEX"
"BNX";"Banks.com, Inc";"$5.9";"AMEX"
"BOI";"Morgan Stanley Dean Witter & Co.";"$174.1";"AMEX"
"BPF";"Merrill Lynch & Co., Inc.";"NA";"AMEX"
"BPG";"BPI Industries, Inc.";"$29.4";"AMEX"
"BPS";"BlackRock Pennsylvania Strategic Municipal Trust (The)";"$24.8";"AMEX"
"BPW";"BPW Acquisition Corp";"$380.1";"AMEX"
"BPW-U";"BPW Acquisition Corp";"$0.0";"AMEX"
"BPW-WT";"BPW Acquisition Corp";"$0.0";"AMEX"
"BQI";"Oilsands Quest Inc";"$1,265.9";"AMEX"
"BQI-WT";"Oilsands Quest Inc";"$0.0";"AMEX"
"BQY";"S&P Quality Rankings Glbl Equ Mngd Tr";"$84.8";"AMEX"
"BRD";"Morgan Stanley Dean Witter & Co.";"$56.0";"AMEX"
"BRN";"Barnwell Industries, Inc.";"$86.8";"AMEX"
"BSL";"Morgan Stanley";"$0.0";"AMEX"
"BSV";"Vanguard Bond Index Funds";"NA";"AMEX"
"BTC";"Community Bankers Trust Corporation.";"$42.7";"AMEX"
"BTC-U";"Community Bankers Trust Corporation.";"$0.0";"AMEX"
"BTC-WT";"Community Bankers Trust Corporation.";"$0.0";"AMEX"
"BTI";"British American Tobacco  Industries, p.l.c.";"$1,817.1";"AMEX"
"BTN";"Ballantyne of Omaha, Inc.";"$57.5";"AMEX"
"BTR";"Merrill Lynch & Co., Inc.";"$0.0";"AMEX"
"BUF";"Minrad International, Inc.";"$92.9";"AMEX"
"BUN";"Citigroup Inc.";"$0.0";"AMEX"
"BUS";"Columbus Acquisition Corp.";"$134.8";"AMEX"
"BUS-U";"Columbus Acquisition Corp.";"$0.0";"AMEX"
"BUS-WT";"Columbus Acquisition Corp.";"$0.0";"AMEX"
"BVX";"Bovie Medical Corporation";"$113.2";"AMEX"
"BWL-A";"Bowl America, Inc.";"$51.0";"AMEX"
"BWN";"MORGAN STANLEY";"$12.5";"AMEX"
"BWR";"Merrill Lynch & Co., Inc.";"$0.0";"AMEX"
"BWV";"Barclays Bank PLC";"NA";"AMEX"
"BWX";"SPDR Series Trust";"$603.3";"AMEX"
"BXA";"Merrill Lynch";"$112.7";"AMEX"
"BXB";"Morgan Stanley Dean Witter & Co.";"$29.6";"AMEX"
"BXT";"Merrill Lynch & Co., Inc.";"$0.0";"AMEX"
"BXU";"Merrill Lynch & Co., Inc.";"$0.0";"AMEX"
"BYL";"Citigroup Inc.";"$0.0";"AMEX"
"BZC";"Breeze-Eastern Corporation";"$98.5";"AMEX"
"BZI";"XELR8 Holdings, Inc.";"$13.2";"AMEX"
"BZI-WTA";"XELR8 Holdings, Inc.";"$0.0";"AMEX"
"BZI-WTB";"XELR8 Holdings, Inc.";"$0.0";"AMEX"
"BZM";"BlackRock Maryland Municipal Bond Trust";"$32.8";"AMEX"
"BZP";"BPZ Resources, Inc";"$1,993.4";"AMEX"
"BZZ";"Citigroup Inc.";"$0.0";"AMEX"
"CAA";"Capital Alliance Income Trust Ltd.";"$1.7";"AMEX"
"CAV";"Cavalier Homes, Inc.";"$36.9";"AMEX"
"CAW";"CCA Industries, Inc.";"$42.6";"AMEX"
"CAX";"MORGAN STANLEY";"$27.8";"AMEX"
"CBJ";"AB Svensk Ekportkredit (Swedish Export Credit Corporation)";"$56.0";"AMEX"
"CCA";"MFS California Insured Municipal Trust";"$31.6";"AMEX"
"CCF";"Chase Corporation";"$131.2";"AMEX"
"CDY";"Cardero Resource Corporation";"$91.4";"AMEX"
"CEF";"Central Fund of Canada Limited";"$1,748.1";"AMEX"
"CEQ";"Morgan Stanley";"$12.0";"AMEX"
"CET";"Central Securities Corporation";"$523.1";"AMEX"
"CEV";"Eaton Vance California Municipal Income Trust";"$95.2";"AMEX"
"CFK";"CE Franklin Ltd.";"$185.2";"AMEX"
"CFP";"Cornerstone Progressive Return Fund";"$142.7";"AMEX"
"CFS";"COMFORCE Corp.";"$29.7";"AMEX"
"CFW";"Cano Petroleum, Inc.";"$269.3";"AMEX"
"CGL-A";"Cagle's, Inc.";"$23.3";"AMEX"
"CGR";"Claude Resources, Inc.";"$94.1";"AMEX"
"CGS";"Chyron Corporation";"$85.8";"AMEX"
"CGW";"Claymore Exchange-Traded Fund Trust 2";"$329.2";"AMEX"
"CH";"Chile Fund, Inc. (The)";"$161.8";"AMEX"
"CHM";"China Healthcare Acquisition Corp";"$67.3";"AMEX"
"CHM-U";"China Healthcare Acquisition Corp";"$0.0";"AMEX"
"CHM-WT";"China Healthcare Acquisition Corp";"$0.0";"AMEX"
"CHQ";"Challenger Energy Corp";"$229.8";"AMEX"
"CHV";"Churchill Ventures Ltd.";"$130.4";"AMEX"
"CHV-U";"Churchill Ventures Ltd.";"$0.0";"AMEX"
"CHV-WT";"Churchill Ventures Ltd.";"$0.0";"AMEX"
"CIK";"Credit Suisse Asset Management Income Fund, Inc.";"$158.2";"AMEX"
"CIO";"Asia Special Situation Acquisition Corp";"$128.7";"AMEX"
"CIO-U";"Asia Special Situation Acquisition Corp";"$0.0";"AMEX"
"CIO-WT";"Asia Special Situation Acquisition Corp";"$0.0";"AMEX"
"CKK";"Citigroup Inc.";"NA";"AMEX"
"CKX";"CKX Lands, Inc.";"$24.9";"AMEX"
"CLA";"Capitol Acquisition Corp";"$306.1";"AMEX"
"CLA-U";"Capitol Acquisition Corp";"$0.0";"AMEX"
"CLA-WT";"Capitol Acquisition Corp";"$0.0";"AMEX"
"CLM";"Cornerstone Strategic Value Fund, Inc.";"$142.3";"AMEX"
"CMF";"iShares Trust";"$20.7";"AMEX"
"CMT";"Core Molding Technologies Inc";"$48.3";"AMEX"
"CNR";"CanArgo Energy Corporation";"$58.4";"AMEX"
"CNU";"Continucare Corp.";"$147.0";"AMEX"
"COR";"Cortex Pharmaceuticals, Inc.";"$42.8";"AMEX"
"CPD";"Caraco Pharmaceutical Laboratories, Ltd.";"$466.3";"AMEX"
"CPI";"Capital Properties, Inc.";"$72.6";"AMEX"
"CQP";"Cheniere Energy Partners, LP";"$225.6";"AMEX"
"CRC";"Chromcraft Revington, Inc.";"$21.6";"AMEX"
"CRF";"Cornerstone Strategic Return Fund, Inc. (The)";"$68.1";"AMEX"
"CRJ";"Merrill Lynch & Co., Inc.";"$0.0";"AMEX"
"CRO";"Claymore Exchange-Traded Fund Trust 2";"$4.3";"AMEX"
"CRV";"Coast Distribution System, Inc. (The)";"$12.2";"AMEX"
"CSD";"Claymore Exchange-Traded Fund Trust";"$24.7";"AMEX"
"CSY";"China Sky One Medical, Inc.";"$149.1";"AMEX"
"CTE";"Cardiotech International, Inc.";"$12.6";"AMEX"
"CTO";"Consolidated-Tomoka Land Co.";"$223.5";"AMEX"
"CTT";"Competitive Technologies, Inc.";"$16.4";"AMEX"
"CTU";"Chad Therapeutics, Inc.";"$1.6";"AMEX"
"CUB";"Cubic Corporation";"$627.5";"AMEX"
"CUO";"Continental Materials Corporation";"$35.3";"AMEX"
"CUR";"Neuralstem, Inc.";"$42.0";"AMEX"
"CUT";"Claymore Exchange-Traded Fund Trust 2";"$7.3";"AMEX"
"CVF";"Castle Convertible Fund, Inc.";"$50.2";"AMEX"
"CVM";"Cel-Sci Corporation";"$72.9";"AMEX"
"CVN";"Conversion Services International, Inc.";"$9.2";"AMEX"
"CVP";"Centerplate Inc.";"$51.4";"AMEX"
"CVR";"Chicago Rivet & Machine Co.";"$19.4";"AMEX"
"CVU";"CPI Aerostructures, Inc.";"$44.3";"AMEX"
"CVY";"Claymore Exchange-Traded Fund Trust";"$71.5";"AMEX"
"CWI";"streetTRACKS Index Shares Funds";"$220.5";"AMEX"
"CXA";"SPDR Series Trust";"$17.5";"AMEX"
"CXM";"Cardium Therapeutics, Inc.";"$96.8";"AMEX"
"CXZ";"Crosshair Exploration & Mining Corp";"$44.2";"AMEX"
"CZA";"Claymore Exchange-Traded Fund Trust";"$4.6";"AMEX"
"DAX";"NETS Trust";"NA";"AMEX"
"DBA";"PowerShares DB Multi-Sector Commodity Trust";"$516.9";"AMEX"
"DBB";"PowerShares DB Multi-Sector Commodity Trust";"$66.6";"AMEX"
"DBC";"PowerShares DB Commodity Index Tracking Fund";"$2,875.2";"AMEX"
"DBE";"PowerShares DB Multi-Sector Commodity Trust";"$44.5";"AMEX"
"DBO";"PowerShares DB Multi-Sector Commodity Trust";"$98.9";"AMEX"
"DBP";"PowerShares DB Multi-Sector Commodity Trust";"$21.5";"AMEX"
"DBS";"PowerShares DB Multi-Sector Commodity Trust";"$27.8";"AMEX"
"DBV";"PowerShares DB G10 Currency Harvest Fund";"$475.6";"AMEX"
"DBX";"Morgan Stanley Dean Witter & Co.";"$28.9";"AMEX"
"DBY";"MORGAN STANLEY";"$107.8";"AMEX"
"DBZ";"MORGAN STANLEY";"$30.3";"AMEX"
"DCU";"DRYCLEAN USA, Inc.";"$6.3";"AMEX"
"DCV";"Morgan Stanley";"$0.0";"AMEX"
"DDD";"SCOLR Inc";"$39.1";"AMEX"
"DDG";"ProShares Trust";"NA";"AMEX"
"DDM";"ProShares Trust";"$126.6";"AMEX"
"DEF";"Claymore Exchange-Traded Fund Trust";"$22.3";"AMEX"
"DEJ";"Dejour Enterprises Ltd";"$123.1";"AMEX"
"DEK";"Dekania Corp";"$121.4";"AMEX"
"DEK-U";"Dekania Corp";"$0.0";"AMEX"
"DEK-WT";"Dekania Corp";"$0.0";"AMEX"
"DEV";"Merrill Lynch & Co., Inc.";"NA";"AMEX"
"DFB";"Morgan Stanley Dean Witter & Co.";"$26.8";"AMEX"
"DGC";"DGSE Companies, Inc.";"$26.6";"AMEX"
"DGD";"Morgan Stanley";"$199.9";"AMEX"
"DGK";"Merrill Lynch & Co., Inc.";"$76.4";"AMEX"
"DGL";"PowerShares DB Multi-Sector Commodity Trust";"$43.0";"AMEX"
"DGT";"streetTRACKS Dow Jones Global Titans Index Fund";"$154.5";"AMEX"
"DHY";"Credit Suisse High Yield Bond Fund";"$172.8";"AMEX"
"DIA";"DIAMONDS Trust Series I";"$7,449.1";"AMEX"
"DIG";"ProShares Trust";"$31.4";"AMEX"
"DII";"Decorator Industries, Inc.";"$7.3";"AMEX"
"DIT";"AMCON Distributing Company";"$15.8";"AMEX"
"DJL";"Merrill Lynch & Co., Inc.";"$0.0";"AMEX"
"DJQ";"Citigroup Inc.";"$345.2";"AMEX"
"DLA";"Delta Apparel, Inc.";"$40.7";"AMEX"
"DMC";"Document Security Systems, Inc.";"$68.7";"AMEX"
"DMF";"Dreyfus Municipal Income, Inc.";"$173.3";"AMEX"
"DMJ";"Morgan Stanley Dean Witter & Co.";"$279.7";"AMEX"
"DMU";"Morgan Stanley";"$0.0";"AMEX"
"DMY";"Merrill Lynch & Co., Inc.";"$0.0";"AMEX"
"DNE";"Dune Energy, Inc.";"$74.8";"AMEX"
"DNN";"Intl Uranium Corp";"$1,495.1";"AMEX"
"DOG";"ProShares Trust";"$818.2";"AMEX"
"DOY";"MACROshares $100 Oil Down Trust";"NA";"AMEX"
"DPP";"MORGAN STANLEY";"$15.1";"AMEX"
"DPW";"Digital Power Corporation";"$5.6";"AMEX"
"DRJ";"Dreams, Inc.";"$44.8";"AMEX"
"DRU";"Morgan Stanley Dean Witter & Co.";"$30.3";"AMEX"
"DRV";"Debt Resolve Inc";"$7.6";"AMEX"
"DRW";"WisdomTree Trust";"$93.9";"AMEX"
"DSC";"SPDR Series Trust";"$8.0";"AMEX"
"DSG";"streetTRACKS Dow Jones U.S. Small Cap Growth Index Fund";"$79.0";"AMEX"
"DSI";"iShares Trust";"$28.1";"AMEX"
"DSP";"SP Acquisition Holdings, Inc";"$506.5";"AMEX"
"DSP-U";"SP Acquisition Holdings, Inc";"$0.0";"AMEX"
"DSP-WT";"SP Acquisition Holdings, Inc";"$0.0";"AMEX"
"DSV";"streetTRACKS Dow Jones U.S. Small Cap Value Index Fund";"$81.2";"AMEX"
"DUG";"ProShares Trust";"$18.3";"AMEX"
"DVK";"AB Svensk Ekportkredit (Swedish Export Credit Corporation)";"$61.4";"AMEX"
"DWX";"SPDR Index Shares Fund";"$11.8";"AMEX"
"DXD";"ProShares Trust";"$790.3";"AMEX"
"DXI";"Morgan Stanley";"$28.7";"AMEX"
"DXN";"DigitalFX International, Inc.";"$16.0";"AMEX"
"DXR";"Daxor Corporation";"$68.3";"AMEX"
"EAD";"Evergreen Income Advantage Fund";"$688.7";"AMEX"
"EAG";"American Defense Systems, Inc";"NA";"AMEX"
"EAP";"Citigroup Inc.";"NA";"AMEX"
"EAR";"HearUSA, Inc.";"$60.9";"AMEX"
"EAZ";"Citigroup Inc.";"NA";"AMEX"
"EBB";"Citigroup Inc.";"$0.0";"AMEX"
"EBE";"Citigroup Inc.";"$65.7";"AMEX"
"EBK";"MORGAN STANLEY";"$11.4";"AMEX"
"EBY";"Citigroup Inc.";"$0.0";"AMEX"
"ECB";"Citigroup Inc.";"$0.0";"AMEX"
"ECF";"Ellsworth Convertible Growth and Income Fund, Inc.";"$94.6";"AMEX"
"ECI";"Encision Inc.";"$11.0";"AMEX"
"ECP";"Canterbury Park Holding Corporation";"$35.9";"AMEX"
"EDA";"Citigroup Inc.";"$0.0";"AMEX"
"EDV";"Vanguard World Funds";"NA";"AMEX"
"EEB";"Claymore Exchange-Traded Fund Trust";"$957.8";"AMEX"
"EEC";"MORGAN STANLEY";"$29.5";"AMEX"
"EEI";"Ecology and Environment, Inc.";"$28.7";"AMEX"
"EEN";"Claymore Exchange-Traded Fund Trust 2";"$4.3";"AMEX"
"EES";"WisdomTree Trust";"$14.2";"AMEX"
"EEV";"ProShares Trust";"$0.0";"AMEX"
"EEZ";"WisdomTree Trust";"$12.1";"AMEX"
"EFP";"Morgan Stanley Dean Witter & Co.";"$17.3";"AMEX"
"EFU";"ProShares Trust";"$0.0";"AMEX"
"EFZ";"ProShares Trust";"$0.0";"AMEX"
"EGI";"Entree Gold Inc";"$187.2";"AMEX"
"EGJ";"Citigroup Inc.";"NA";"AMEX"
"EGK";"Citigroup Inc.";"NA";"AMEX"
"EGO";"Eldorado Gold Corp";"$2,946.4";"AMEX"
"EGR";"Commerce Energy Group, Inc";"$34.0";"AMEX"
"EGT";"Elixir Gaming Technologies, Inc";"$111.5";"AMEX"
"EGX";"Engex, Inc.";"$8.9";"AMEX"
"EHC";"Citigroup Inc.";"$0.0";"AMEX"
"EHN";"Morgan Stanley";"$17.5";"AMEX"
"EHP";"Citigroup Inc.";"$0.0";"AMEX"
"EIA";"Eaton Vance Insured California Municipal Bond Fund II";"$49.5";"AMEX"
"EIF";"Eaton Vance Insured Florida Municipal Bond Fund";"$33.4";"AMEX"
"EII";"Energy Infrastructure Acquisition Corporation";"$269.8";"AMEX"
"EII-WT";"Energy Infrastructure Acquisition Corporation";"$0.0";"AMEX"
"EIM";"Eaton Vance Insured Municipal Bond Fund";"$875.3";"AMEX"
"EIO";"Eaton Vance Insured Ohio Municipal Bond Fund";"$32.9";"AMEX"
"EIP";"Eaton Vance Insured Pennsylvania Municipal Bond Fund";"$39.6";"AMEX"
"EIV";"Eaton Vance Insured Municipal Bond Fund II";"$130.8";"AMEX"
"EJC";"Citigroup Inc.";"$0.0";"AMEX"
"EJS";"Citigroup Inc.";"$0.0";"AMEX"
"EKC";"Citigroup Inc.";"$0.0";"AMEX"
"EKD";"Citigroup Inc.";"$44.9";"AMEX"
"EKH";"Merrill Lynch Europe 2001 HOLDRS";"$19.7";"AMEX"
"EKJ";"Citigroup Inc.";"$0.0";"AMEX"
"EKM";"Citigroup Inc.";"$50.5";"AMEX"
"EKO";"Citigroup Inc.";"$126.5";"AMEX"
"ELG";"streetTRACKS Dow Jones U.S. Large Cap Growth Index Fund";"$286.4";"AMEX"
"ELI";"Elite Pharmaceuticals, Inc.";"$9.7";"AMEX"
"ELJ";"Citigroup Inc.";"$0.0";"AMEX"
"ELR";"SPDR Series Trust";"$8.6";"AMEX"
"ELU";"Merrill Lynch & Co., Inc.";"$0.0";"AMEX"
"ELV";"streetTRACKS Dow Jones U.S. Large Cap Value Index Fund";"$104.6";"AMEX"
"EMG";"SPDR Series Trust";"$41.7";"AMEX"
"EMI";"Eaton Vance Michigan Municipal Income Trust";"$26.2";"AMEX"
"EMJ";"Eaton Vance Insured New Jersey Municipal Bond Fund";"$36.4";"AMEX"
"EML";"Eastern Company (The)";"$88.5";"AMEX"
"EMM";"SPDR Series Trust";"$19.8";"AMEX"
"EMV";"SPDR Series Trust";"$9.7";"AMEX"
"ENA";"Enova Systems Inc.";"$54.9";"AMEX"
"END";"Endeavor International Corporation";"$236.1";"AMEX"
"ENQ";"Citigroup Inc.";"$95.4";"AMEX"
"ENX";"Eaton Vance Insured New York Municipal Bond Fund";"$214.2";"AMEX"
"ENY";"Claymore Exchange-Traded Fund Trust 2";"$36.1";"AMEX"
"EOF";"Merrill Lynch & Co., Inc.";"$0.0";"AMEX"
"EOH";"Lehman Brothers Fin SA";"$280.0";"AMEX"
"EPK";"Citigroup Inc.";"$0.0";"AMEX"
"EPM";"Evolution Petroleum Corporation, Inc.";"$146.4";"AMEX"
"EPS";"WisdomTree Trust";"$50.7";"AMEX"
"ERC";"Evergreen Multi-Sector Income Fund";"$624.9";"AMEX"
"ERH";"Evergreen Utilities and High Income Fund";"$203.2";"AMEX"
"ERS";"Empire Resources, Inc.";"$28.0";"AMEX"
"ESA";"Energy Services Acquisition Corp";"$63.4";"AMEX"
"ESA-U";"Energy Services Acquisition Corp";"$0.0";"AMEX"
"ESA-WT";"Energy Services Acquisition Corp";"$0.0";"AMEX"
"ESC";"Emeritus Corporation";"$564.8";"AMEX"
"ESM";"Citigroup Inc.";"$0.0";"AMEX"
"ESP";"Espey Mfg. & Electronics Corp.";"$42.8";"AMEX"
"EST";"Enterprise Acquisition Corp.";"$293.1";"AMEX"
"EST-U";"Enterprise Acquisition Corp.";"$0.0";"AMEX"
"EST-WT";"Enterprise Acquisition Corp.";"$0.0";"AMEX"
"ETC";"Environmental Tectonics Corp.";"$13.5";"AMEX"
"ETF";"Emerging Markets Telecommunications Fund (The)";"$168.5";"AMEX"
"ETQ";"Corriente Res Inc";"$318.4";"AMEX"
"ETX";"Merrill Lynch & Co., Inc.";"$86.9";"AMEX"
"EUM";"ProShares Trust";"$0.0";"AMEX"
"EVD";"Citigroup Inc.";"$34.0";"AMEX"
"EVJ";"Eaton Vance New Jersey Municipal Income Trust";"$57.2";"AMEX"
"EVM";"Eaton Vance Insured California Municipal Bond Fund";"$286.5";"AMEX"
"EVO";"Eaton Vance Ohio Municipal Income Trust";"$34.7";"AMEX"
"EVP";"Eaton Vance Pennsylvania Municipal Income Trust";"$33.6";"AMEX"
"EVV";"Eaton Vance Limited Duration Income Fund";"$1,565.5";"AMEX"
"EVX";"Market Vectors ETF Trust";"$34.9";"AMEX"
"EVY";"Eaton Vance New York Municipal Income Trust";"$71.2";"AMEX"
"EWV";"ProShares Trust";"$0.0";"AMEX"
"EWX";"SPDR Index Shares Fund";"$26.2";"AMEX"
"EXB";"Claymore Exchange-Traded Fund Trust 2";"$13.6";"AMEX"
"EXK";"Endeavour Silver Corporation";"$161.6";"AMEX"
"EXT";"WisdomTree Trust";"$14.7";"AMEX"
"EXX-A";"EXX, Inc.";"$32.6";"AMEX"
"EXX-B";"EXX, Inc.";"$2.9";"AMEX"
"EYA";"Citigroup Inc.";"$0.0";"AMEX"
"EYJ";"Citigroup Inc.";"$0.0";"AMEX"
"EYW";"Citigroup Inc.";"$0.0";"AMEX"
"EZM";"WisdomTree Trust";"$24.2";"AMEX"
"EZY";"WisdomTree Trust";"$21.2";"AMEX"
"FAB";"First Trust Exchange-Traded Fund";"$4.3";"AMEX"
"FAD";"First Trust Exchange-Traded Fund";"$8.2";"AMEX"
"FAX";"Aberdeen Asia-Pacific Income Fund Inc";"$1,606.5";"AMEX"
"FBK-P";"Franklin Bank Corp";"$12.8";"AMEX"
"FBT";"First Trust Amex  Biotechnology Index Fund";"$42.0";"AMEX"
"FCM";"First Trust/Four Corners Senior Floating Rate Income Fund";"$68.3";"AMEX"
"FCO";"Aberdeen Global Income Fund, Inc.";"$108.0";"AMEX"
"FDD";"First Trust Exchange-Traded Fund II";"$8.2";"AMEX"
"FDL";"First Trust Morningstar Dividend Leaders Index Fund";"$57.7";"AMEX"
"FDM";"First Trust Dow Jones Select MicroCap Index(sm) Fund";"$12.5";"AMEX"
"FDN";"First Trust Dow Jones Internet Indexsm Fund";"$50.8";"AMEX"
"FDT";"Federal Trust Corporation";"$5.5";"AMEX"
"FDV";"First Trust DB Strategic Value Index Fund";"$20.0";"AMEX"
"FEN";"Energy Income and Growth Fund";"$142.5";"AMEX"
"FEP";"Franklin Electronic Publishers, Inc.";"$15.6";"AMEX"
"FEV";"Eaton Vance Florida Municipal Income Trust";"$51.2";"AMEX"
"FEX";"First Trust Exchange-Traded Fund";"$4.8";"AMEX"
"FFI";"Fortune Diversified Industries, Inc.";"$14.2";"AMEX"
"FFR";"First Trust Exchange-Traded Fund II";"$3.9";"AMEX"
"FGD";"First Trust Exchange-Traded Fund II";"$2.3";"AMEX"
"FHC";"Female Health Company (The)";"$63.8";"AMEX"
"FLL";"Full House Resorts, Inc.";"$34.8";"AMEX"
"FLT";"Flight Safety Technologies, Inc.";"$8.0";"AMEX"
"FLT-WT";"Flight Safety Technologies, Inc.";"$0.0";"AMEX"
"FNV-U";"First Class Navigation Corporation";"NA";"AMEX"
"FNX";"First Trust Exchange-Traded Fund";"$5.0";"AMEX"
"FOA";"Merrill Lynch & Co., Inc.";"NA";"AMEX"
"FOH";"Frederick's of Hollywood Group";"$32.7";"AMEX"
"FPB";"Fountain Powerboat Industries, Inc.";"$2.8";"AMEX"
"FPI";"First Trust Advantage Preferred Income Fund";"$24.7";"AMEX"
"FPP";"FieldPoint Petroleum Corporation";"$38.7";"AMEX"
"FPU";"Florida Public Utilities Company";"$73.1";"AMEX"
"FPX";"First Trust IPOX-100 Index Fund";"$20.7";"AMEX"
"FRD";"Friedman Industries Inc.";"$53.6";"AMEX"
"FRG";"Fronteer Development Group Inc.";"$389.4";"AMEX"
"FRI";"First Trust S&P REIT Index Fund";"$2.1";"AMEX"
"FRS";"Frisch's Restaurants, Inc.";"$110.0";"AMEX"
"FSI";"Flexible Solutions International Inc.";"$30.9";"AMEX"
"FSN";"Fusion Telecommunications International, Inc.";"$8.6";"AMEX"
"FSN-WT";"Fusion Telecommunications International, Inc.";"$0.0";"AMEX"
"FSP";"Franklin Street Properties Corp.";"$952.2";"AMEX"
"FTA";"First Trust Exchange-Traded Fund";"$4.4";"AMEX"
"FTC";"First Trust Exchange-Traded Fund";"$5.4";"AMEX"
"FTF";"Franklin Templeton Limited Duration Income Trust";"$290.8";"AMEX"
"FUE";"AB Svensk Ekportkredit (Swedish Export Credit Corporation)";"$4.7";"AMEX"
"FVD";"First Trust Value Line  Dividend Index Fund";"$445.8";"AMEX"
"FVE";"Five Star Quality Care, Inc.";"$127.6";"AMEX"
"FVI";"First Trust Value Line Equity Allocation Index(sm)Fund";"$13.4";"AMEX"
"FVL";"First Trust Value Line  100 Exchange-Traded Fund";"$274.4";"AMEX"
"FWV";"First West Virginia Bancorp, Inc.";"$22.2";"AMEX"
"FXD";"First Trust Exchange-Traded Fund";"$1.3";"AMEX"
"FXG";"First Trust Exchange-Traded Fund";"$2.6";"AMEX"
"FXH";"First Trust Exchange-Traded Fund";"$3.6";"AMEX"
"FXL";"First Trust Exchange-Traded Fund";"$3.6";"AMEX"
"FXN";"First Trust Exchange-Traded Fund";"$6.8";"AMEX"
"FXO";"First Trust Exchange-Traded Fund";"$1.1";"AMEX"
"FXP";"ProShares Trust";"$0.0";"AMEX"
"FXR";"First Trust Exchange-Traded Fund";"$4.2";"AMEX"
"FXU";"First Trust Exchange-Traded Fund";"$2.5";"AMEX"
"FXX";"FOXBY CORP";"$6.3";"AMEX"
"FXZ";"First Trust Exchange-Traded Fund";"$3.1";"AMEX"
"FYR";"Sapphire Industrials Corp.";"$940.0";"AMEX"
"FYR-U";"Sapphire Industrials Corp.";"$0.0";"AMEX"
"FYR-WT";"Sapphire Industrials Corp.";"$0.0";"AMEX"
"FYX";"First Trust Exchange-Traded Fund";"$4.6";"AMEX"
"FZN";"CUISINE SOLUTIONS INC";"$36.9";"AMEX"
"GAC";"Geneva Acquisition Corporation";"$80.5";"AMEX"
"GAC-U";"Geneva Acquisition Corporation";"$0.0";"AMEX"
"GAC-WT";"Geneva Acquisition Corporation";"$0.0";"AMEX"
"GAF";"SPDR Index Shares Fund";"$25.3";"AMEX"
"GAN";"GAINSCO, Inc.";"$78.8";"AMEX"
"GBC";"Morgan Stanley";"$27.8";"AMEX"
"GBH";"Green Builders, Inc";"$24.5";"AMEX"
"GBI";"MORGAN STANLEY";"$21.6";"AMEX"
"GBN";"Great Basin Gold, Ltd.";"$724.1";"AMEX"
"GBO";"Merrill Lynch & Co., Inc.";"$0.0";"AMEX"
"GBR";"New Concept Energy, Inc";"$11.3";"AMEX"
"GCC";"GreenHaven Continuous Commodity Index Fund";"NA";"AMEX"
"GDX";"Market Vectors ETF Trust";"$1,524.8";"AMEX"
"GEE";"Global Entertainment Corporation";"$11.3";"AMEX"
"GEL";"Genesis Energy, L.P.";"$675.2";"AMEX"
"GFN";"General Finance Corporation";"$52.3";"AMEX"
"GFN-U";"General Finance Corporation";"$53.9";"AMEX"
"GFN-WT";"General Finance Corporation";"$0.0";"AMEX"
"GGA";"GSC Acquisition Company";"$237.6";"AMEX"
"GGA-U";"GSC Acquisition Company";"$0.0";"AMEX"
"GGA-WT";"GSC Acquisition Company";"$0.0";"AMEX"
"GGN";"The Gabelli Global Goldn Natural Resources & Income Trust";"$538.2";"AMEX"
"GGN-PA";"The Gabelli Global Goldn Natural Resources & Income Trust";"$100.4";"AMEX"
"GGR";"GeoGlobal Resources Inc.";"$172.6";"AMEX"
"GGW";"Merrill Lynch & Co., Inc.";"$0.0";"AMEX"
"GHC";"Global Consumer Acquisition Corp";"$368.2";"AMEX"
"GHC-U";"Global Consumer Acquisition Corp";"$0.0";"AMEX"
"GHC-WT";"Global Consumer Acquisition Corp";"$0.0";"AMEX"
"GHM";"Graham Corporation";"$403.5";"AMEX"
"GHN";"Granahan McCourt Acquisition Corporation";"$114.1";"AMEX"
"GHN-U";"Granahan McCourt Acquisition Corporation";"$0.0";"AMEX"
"GHN-WT";"Granahan McCourt Acquisition Corporation";"$0.0";"AMEX"
"GHQ";"GHL Acquisition Corp";"$449.1";"AMEX"
"GHQ-U";"GHL Acquisition Corp";"$0.0";"AMEX"
"GHQ-WT";"GHL Acquisition Corp";"$0.0";"AMEX"
"GIA";"Gulfstream International Group, Inc";"$5.8";"AMEX"
"GIC";"MORGAN STANLEY";"$39.1";"AMEX"
"GII";"streetTRACKS Index Shares Funds";"$16.8";"AMEX"
"GIT";"MORGAN STANLEY";"$18.6";"AMEX"
"GIW";"Wilber Corporation";"$85.1";"AMEX"
"GKO";"Merrill Lynch";"$0.0";"AMEX"
"GLA";"Clark Holdings Inc";"$25.3";"AMEX"
"GLA-U";"Clark Holdings Inc";"$0.0";"AMEX"
"GLA-WT";"Clark Holdings Inc";"$0.0";"AMEX"
"GLL";"MORGAN STANLEY";"$13.2";"AMEX"
"GLO";"Clough Global Opportunities Fund";"$851.1";"AMEX"
"GLQ";"Clough Global Equity Fund";"$324.9";"AMEX"
"GLU";"Gabelli Global Utility";"$60.3";"AMEX"
"GLV";"Clough Global Allocation Fund";"$208.1";"AMEX"
"GMF";"SPDR Index Shares Fund";"$47.5";"AMEX"
"GML";"SPDR Index Shares Fund";"$81.2";"AMEX"
"GMM";"SPDR Index Shares Fund";"$39.9";"AMEX"
"GMO";"General Moly, Inc";"$502.4";"AMEX"
"GNB";"New Generation Biofuels Holdings, Inc";"$85.2";"AMEX"
"GOC";"Merrill Lynch & Co., Inc.";"$0.0";"AMEX"
"GOE";"Credit Suisse Group";"$0.0";"AMEX"
"GOK";"Geokinetics, Inc.";"$162.2";"AMEX"
"GOV";"Gouverneur Bancorp, Inc.";"$17.9";"AMEX"
"GPH";"Golden Pond Healthcare, Inc";"$155.0";"AMEX"
"GPH-U";"Golden Pond Healthcare, Inc";"$0.0";"AMEX"
"GPH-WT";"Golden Pond Healthcare, Inc";"$0.0";"AMEX"
"GPR";"GEOPETRO RESOURCES CO";"$89.9";"AMEX"
"GQN";"Global Brands Acquisition Corp";"$334.2";"AMEX"
"GQN-U";"Global Brands Acquisition Corp";"$0.0";"AMEX"
"GQN-WT";"Global Brands Acquisition Corp";"$0.0";"AMEX"
"GRC";"Gorman-Rupp Company (The)";"$663.9";"AMEX"
"GRF";"Eagle Capital Growth Fund, Inc.";"$18.4";"AMEX"
"GRH";"GreenHunter Energy Inc";"$247.0";"AMEX"
"GRI";"ALPS ETF Trust";"NA";"AMEX"
"GRS";"Gammon Lake Resources, Inc.";"$1,197.8";"AMEX"
"GRU";"AB Svensk Ekportkredit (Swedish Export Credit Corporation)";"$8.3";"AMEX"
"GRZ";"Gold Reserve Inc";"$86.7";"AMEX"
"GSB";"GlobalSCAPE, Inc.";"$30.4";"AMEX"
"GSS";"Golden Star Resources, Ltd";"$589.9";"AMEX"
"GST";"Gastar Exploration";"$520.5";"AMEX"
"GSX";"GASCO ENERGY INC";"$413.9";"AMEX"
"GTA";"Golf Trust of America, Inc.";"$11.8";"AMEX"
"GTE";"Gran Tierra Energy Inc.";"$665.5";"AMEX"
"GTF";"Cytomedix, Inc. New";"$22.4";"AMEX"
"GTU";"Central Gold Trust";"$148.4";"AMEX"
"GUR";"SPDR Index Shares Fund";"$37.6";"AMEX"
"GV";"Goldfield Corporation (The)";"$13.2";"AMEX"
"GVP";"GSE Systems, Inc.";"$137.8";"AMEX"
"GW";"Grey Wolf, Inc.";"$1,604.2";"AMEX"
"GWL";"SPDR Index Shares Fund";"$17.3";"AMEX"
"GWX";"SPDR Index Shares Fund";"$280.0";"AMEX"
"GXC";"streetTracks Index Shares Funds";"$150.0";"AMEX"
"GZV";"Merrill Lynch & Co., Inc.";"$0.0";"AMEX"
"HAO";"Claymore Exchange-Traded Fund Trust 2";"$0.0";"AMEX"
"HBE";"Henry Bros. Electronics, Inc.";"$34.1";"AMEX"
"HCM";"Hanover Capital Mortgage Holdings, Inc.";"$0.9";"AMEX"
"HDJ";"Merrill Lynch & Co., Inc.";"$0.0";"AMEX"
"HDS";"Alpha Security Group Corporation";"$72.8";"AMEX"
"HDS-U";"Alpha Security Group Corporation";"$0.0";"AMEX"
"HDS-WT";"Alpha Security Group Corporation";"$0.0";"AMEX"
"HDY";"HyperDynamics Corporation";"$90.7";"AMEX"
"HEB";"Hemispherx BioPharma, Inc.";"$65.1";"AMEX"
"HEV";"Ener1 Inc";"$665.4";"AMEX"
"HFB";"Merrill Lynch & Co., Inc.";"$0.0";"AMEX"
"HGI";"Claymore Exchange-Traded Fund Trust 2";"$7.9";"AMEX"
"HH";"Hooper Holmes, Inc.";"$67.3";"AMEX"
"HHH";"Merrill Lynch Internet HOLDRS";"$270.3";"AMEX"
"HIA";"Highlands Acquisition Corp";"$159.4";"AMEX"
"HIA-U";"Highlands Acquisition Corp";"$149.1";"AMEX"
"HIA-WT";"Highlands Acquisition Corp";"$0.0";"AMEX"
"HKN";"HKN, Inc.";"$89.1";"AMEX"
"HLD";"Secure America Acquisition Corporation";"$92.3";"AMEX"
"HLD-U";"Secure America Acquisition Corporation";"$0.0";"AMEX"
"HLD-WT";"Secure America Acquisition Corporation";"$0.0";"AMEX"
"HLM-P";"Hillman Group Capital Trust";"$125.7";"AMEX"
"HMG";"HMG/Courtland Properties, Inc.";"$7.4";"AMEX"
"HMR";"Sports Properties Acquisition";"$253.3";"AMEX"
"HMR-U";"Sports Properties Acquisition";"$0.0";"AMEX"
"HMR-WT";"Sports Properties Acquisition";"$0.0";"AMEX"
"HNW";"Pioneer Diversified High Income Trust";"$152.9";"AMEX"
"HOL";"China Holdings Acquisition Corporation";"$147.0";"AMEX"
"HOL-U";"China Holdings Acquisition Corporation";"$0.0";"AMEX"
"HOL-WT";"China Holdings Acquisition Corporation";"$0.0";"AMEX"
"HPB";"MORGAN STANLEY";"$16,500.0";"AMEX"
"HPD";"MORGAN STANLEY";"$14.8";"AMEX"
"HPJ";"Hong Kong Highpower Technology";"NA";"AMEX"
"HQS";"HQ Sustainable Maritime Industries, Inc.";"$175.6";"AMEX"
"HRO";"Merrill Lynch & Co., Inc.";"$0.0";"AMEX"
"HRT";"Arrhythmia Research Technology Inc.";"$12.6";"AMEX"
"HSJ";"Merrill Lynch & Co., Inc.";"$0.0";"AMEX"
"HSR";"Hi-Shear Technology Corp.";"$79.0";"AMEX"
"HTC";"Hungarian Telephone & Cable Corp.";"$322.0";"AMEX"
"HTM";"U.S. Geothermal Inc.";"$144.5";"AMEX"
"HWG";"Hallwood Group Incorporated";"$99.1";"AMEX"
"HWK";"Hawk Corporation";"$139.5";"AMEX"
"HX";"Halifax Corporation";"$2.3";"AMEX"
"HYG";"iShares Trust";"$18.5";"AMEX"
"IAF";"Aberdeen Australia Equity Fund Inc";"$272.1";"AMEX"
"IAH";"Merrill Lynch Internet Architecture HOLDRS";"$70.2";"AMEX"
"IAN";"Inter-Atlantic Financial, Inc.";"$81.9";"AMEX"
"IAN-U";"Inter-Atlantic Financial, Inc.";"$0.0";"AMEX"
"IAN-WT";"Inter-Atlantic Financial, Inc.";"$0.0";"AMEX"
"IAO";"IA Global, Inc.";"$39.1";"AMEX"
"IAU";"iShares COMEX Gold Trust";"$1,980.8";"AMEX"
"IAX";"International Absorbents Inc.";"$18.0";"AMEX"
"IBB";"iShares NASDAQ Biotechnology Index Fund";"$754.8";"AMEX"
"IBF";"Citigroup Inc.";"$16.8";"AMEX"
"ICH";"Investors Capital Holdings, Ltd.";"$30.8";"AMEX"
"ICT";"Merrill Lynch & Co., Inc.";"$0.0";"AMEX"
"IDI";"Ideation Acquisition Corp";"NA";"AMEX"
"IDI-U";"Ideation Acquisition Corp";"NA";"AMEX"
"IDI-WT";"Ideation Acquisition Corp";"NA";"AMEX"
"IDJ";"Citigroup Inc.";"$19.7";"AMEX"
"IDN";"Intelli-Check, Inc.";"$41.8";"AMEX"
"IEL";"Citigroup Inc.";"$19.7";"AMEX"
"IF";"Indonesia Fund, Inc. (The)";"$76.0";"AMEX"
"IFK";"International Finance Corp.";"NA";"AMEX"
"IG";"IGI Laboratories, Inc.";"$28.3";"AMEX"
"IGC";"India Globalization Capital Inc.";"$42.8";"AMEX"
"IGC-U";"India Globalization Capital Inc.";"$126.2";"AMEX"
"IGC-WT";"India Globalization Capital Inc.";"$0.0";"AMEX"
"IHT";"InnSuites Hospitality Trust";"$10.0";"AMEX"
"IIG";"IMERGENT INC";"$110.0";"AMEX"
"IIH";"Merrill Lynch Internet Infrastructure HOLDRS";"$34.9";"AMEX"
"IIL";"MORGAN STANLEY";"$30.0";"AMEX"
"ILC";"iLinc Communications, Inc.";"$6.8";"AMEX"
"ILE";"ISOLAGEN INC";"$15.1";"AMEX"
"ILI";"Interleukin Genetics, Inc.";"$38.5";"AMEX"
"ILX";"ILX Resorts Incorporated";"$13.8";"AMEX"
"IMA";"Inverness Medical Innovations, Inc.";"$2,385.0";"AMEX"
"IMA-PB";"Inverness Medical Innovations, Inc.";"$0.0";"AMEX"
"IMM";"Immtech Pharmaceuticals, Inc.";"$13.8";"AMEX"
"IMO";"Imperial Oil Limited";"$46,043.4";"AMEX"
"IMR";"IMA Exploration, Inc.";"$16.2";"AMEX"
"IMW";"Merrill Lynch & Co., Inc.";"$0.0";"AMEX"
"IMX";"Implant Sciences Corporation";"$10.1";"AMEX"
"INO";"Inovio Biomedical Corporation";"$43.4";"AMEX"
"INS";"Intelligent Systems Corporation";"$14.6";"AMEX"
"INY";"SPDR Series Trust";"$13.1";"AMEX"
"IOC";"Interoil Corp";"$885.5";"AMEX"
"IOT";"Income Opportunity Realty Trust";"$22.9";"AMEX"
"IPB";"Merrill Lynch & Co., Inc.";"$26.7";"AMEX"
"IPE";"SPDR Series Trust";"$10.4";"AMEX"
"IPT";"iParty Corporation";"$5.7";"AMEX"
"IRO";"Claymore Exchange-Traded Fund Trust";"$2.6";"AMEX"
"ISL";"First Israel Fund, Inc. (The)";"$73.6";"AMEX"
"ISO";"ISCO INTERNATIONAL INC";"$28.8";"AMEX"
"ISR";"IsoRay, Inc.";"$14.7";"AMEX"
"ISV";"InSite Vision Incorporated";"$43.5";"AMEX"
"ITE";"SPDR Series Trust";"$11.1";"AMEX"
"ITI";"Iteris, Inc.";"$77.6";"AMEX"
"ITL";"NETS Trust";"NA";"AMEX"
"ITM";"Market Vectors ETF Trust";"$10.3";"AMEX"
"IVA";"ValueRich, Inc.";"$1.5";"AMEX"
"IVD";"IVAX Diagnostics, Inc.";"$0.3";"AMEX"
"IWK";"AB Svensk Ekportkredit (Swedish Export Credit Corporation)";"$15.5";"AMEX"
"JAV";"Javelin Pharmaceuticals, Inc.";"$117.8";"AMEX"
"JAZ";"Jazz Technologies, Inc";"$20.9";"AMEX"
"JAZ-U";"Jazz Technologies, Inc";"$0.0";"AMEX"
"JAZ-WT";"Jazz Technologies, Inc";"$0.0";"AMEX"
"JDO";"JED Oil Inc";"$4.8";"AMEX"
"JEM";"Barclays PLC";"$0.0";"AMEX"
"JEN";"Jennifer Convertibles, Inc.";"$9.1";"AMEX"
"JFT";"J P Morgan Chase & Co";"$0.0";"AMEX"
"JLI";"Jesup & Lamont, Inc";"$12.0";"AMEX"
"JNB";"NETS Trust";"NA";"AMEX"
"JNK";"SPDR Series Trust";"$165.1";"AMEX"
"JOB";"General Employment Enterprises, Inc.";"$4.1";"AMEX"
"JPK";"MORGAN STANLEY";"$44.5";"AMEX"
"JPP";"streetTracks Index Shares Funds";"$36.5";"AMEX"
"JRS";"Nuveen Real Estate Fund";"$371.3";"AMEX"
"JSC";"streetTRACKS Index Shares Funds";"$84.4";"AMEX"
"JST";"Jinpan International Limited";"$258.2";"AMEX"
"JVA";"Coffee Holding Co., Inc.";"$11.5";"AMEX"
"JVI";"Velocity Asset Management, Inc.";"$18.6";"AMEX"
"JVI-P";"Velocity Asset Management, Inc.";"$9.7";"AMEX"
"KAD";"Arcadia Resources, Inc.";"$60.0";"AMEX"
"KAL";"Callisto Pharmaceuticals, Inc.";"$9.9";"AMEX"
"KAZ";"BMB Munai, Inc.";"$268.7";"AMEX"
"KBE";"SPDR Series Trust";"$222.8";"AMEX"
"KBX";"Kimber Resources Inc";"$74.1";"AMEX"
"KCE";"SPDR Series Trust";"$95.1";"AMEX"
"KGN";"Keegan Resources Inc";"NA";"AMEX"
"KHA";"KBL Healthcare Acquisition Corp. III";"$156.7";"AMEX"
"KHA-U";"KBL Healthcare Acquisition Corp. III";"$0.0";"AMEX"
"KHA-WT";"KBL Healthcare Acquisition Corp. III";"$0.0";"AMEX"
"KIE";"SPDR Series Trust";"$63.0";"AMEX"
"KOG";"Kodiak Oil";"$353.0";"AMEX"
"KRE";"SPDR Series Trust";"$104.3";"AMEX"
"KRU";"Crusader Energy Group Inc.";"$140.1";"AMEX"
"KRY";"Crystallex International Corporation";"$240.7";"AMEX"
"KUN";"China Shenghuo Pharmaceutical Holdings, Inc";"$45.9";"AMEX"
"KWT";"Market Vectors ETF Trust";"NA";"AMEX"
"LAG";"SPDR Series Trust";"$10.7";"AMEX"
"LAQ";"Latin America Equity Fund, Inc. (The)";"$293.5";"AMEX"
"LB";"LaBarge, Inc.";"$199.7";"AMEX"
"LCI";"Lannett Co Inc";"$87.2";"AMEX"
"LDB";"Merrill Lynch & Co., Inc.";"$0.0";"AMEX"
"LDN";"NETS Trust";"NA";"AMEX"
"LEI";"Lucas Energy, Inc.";"$35.9";"AMEX"
"LGL";"LGL Group, Inc.";"$14.3";"AMEX"
"LGN";"Lodgian, Inc.";"$160.9";"AMEX"
"LIA";"Liberty Acquisition Holdings Corp";"$1,190.3";"AMEX"
"LIA-U";"Liberty Acquisition Holdings Corp";"$0.0";"AMEX"
"LIA-WT";"Liberty Acquisition Holdings Corp";"$0.0";"AMEX"
"LKI";"Lazare Kaplan International, Inc.";"$70.2";"AMEX"
"LNG";"Cheniere Energy, Inc.";"$165.0";"AMEX"
"LOV";"Spark Networks Plc";"$98.1";"AMEX"
"LRP";"Lorus Therapeutics, Inc.";"$29.7";"AMEX"
"LSO";"Credit Suisse Group";"$0.0";"AMEX"
"LTL";"ProShares Trust";"NA";"AMEX"
"LTS";"Ladenburg Thalmann Financial Services Inc";"$278.2";"AMEX"
"LVL";"Claymore Exchange-Traded Fund Trust";"$3.2";"AMEX"
"LXU";"Lsb Industries Inc.";"$374.3";"AMEX"
"MAB";"Eaton Vance Insured Massachusetts Municipal Bond Fund";"$24.1";"AMEX"
"MAM";"Maine & Maritimes Corporation";"$76.4";"AMEX"
"MAO";"Merrill Lynch & Co., Inc.";"NA";"AMEX"
"MAQ";"Marathon Acquisition Corp";"$375.0";"AMEX"
"MAQ-U";"Marathon Acquisition Corp";"$0.0";"AMEX"
"MAQ-WT";"MARATHON ACQUISITION CORP";"$0.0";"AMEX"
"MBA";"CIBT Education Group Inc.";"$108.0";"AMEX"
"MBB";"iShares Trust";"$20.2";"AMEX"
"MBH";"MBF Healthcare Acquisition Corp.";"$209.3";"AMEX"
"MBH-U";"MBF Healthcare Acquisition Corp.";"$0.0";"AMEX"
"MBH-WT";"MBF Healthcare Acquisition Corp.";"$0.0";"AMEX"
"MBJ";"MORGAN STANLEY";"$262.3";"AMEX"
"MBK";"Morgan Stanley Dean Witter & Co.";"$23.2";"AMEX"
"MBP";"Mid Penn Bancorp";"$80.4";"AMEX"
"MBR";"Mercantile Bancorp, Inc. (Quincey, IL)";"$138.5";"AMEX"
"MBS";"MORGAN STANLEY";"$134.4";"AMEX"
"MCB";"Morgan Stanley Dean Witter & Co.";"$21.5";"AMEX"
"MCF";"Contango Oil & Gas Company";"$1,530.5";"AMEX"
"MCP";"Merrill Lynch & Co., Inc.";"$28.8";"AMEX"
"MCZ";"Mad Catz Interactive Inc";"$28.0";"AMEX"
"MDD";"SPDR Index Shares Fund";"$6.2";"AMEX"
"MDF";"Metropolitan Health Networks, Inc.";"$96.0";"AMEX"
"MDM";"Mountain Province Diamonds Inc.";"$266.7";"AMEX"
"MDW";"Midway Gold Corporation";"$87.4";"AMEX"
"MDY";"MidCap SPDR Trust Series I";"$8,850.1";"AMEX"
"MEA";"METALICO INC";"$522.9";"AMEX"
"MEJ";"Santa Monica Media Corporation";"$123.5";"AMEX"
"MEJ-U";"Santa Monica Media Corporation";"$0.0";"AMEX"
"MEJ-WT";"Santa Monica Media Corporation";"$0.0";"AMEX"
"MFN";"MineFinders Corp. Ltd.";"$567.9";"AMEX"
"MFY";"Merrill Lynch & Co., Inc.";"$0.0";"AMEX"
"MGH";"Minco Gold Corporation";"$42.9";"AMEX"
"MGN";"Mines Management, Inc.";"$64.4";"AMEX"
"MGT";"MGT Capital Investments Inc";"$65.1";"AMEX"
"MHE";"Massachusetts Health and Education Tax-Exempt Trust";"$27.5";"AMEX"
"MHG";"AB Svensk Ekportkredit (Swedish Export Credit Corporation)";"$32.1";"AMEX"
"MHJ";"Man Sang Holdings Inc";"$35.7";"AMEX"
"MHR";"Merrill Lynch & Co., Inc.";"$0.0";"AMEX"
"MHT";"Morgan Stanley Dean Witter & Co.";"$102.6";"AMEX"
"MHU";"Merrill Lynch & Co., Inc.";"$0.0";"AMEX"
"MIB";"MORGAN STANLEY";"$0.0";"AMEX"
"MIF";"Merrill Lynch & Co., Inc.";"$30.3";"AMEX"
"MIS";"AB Svensk Ekportkredit (Swedish Export Credit Corporation)";"$16.7";"AMEX"
"MIW";"Eaton Vance Insure Michigan Municipal Bond Fund";"$20.6";"AMEX"
"MIX";"Merrill Lynch & Co., Inc.";"$0.0";"AMEX"
"MJP";"Morgan Stanley Dean Witter & Co.";"$64.9";"AMEX"
"MKH";"Merrill Lynch Market 2000+ HOLDRS";"$32.2";"AMEX"
"MKO";"Merrill Lynch & Co., Inc.";"$11.2";"AMEX"
"MKP";"Merrill Lynch & Co., Inc.";"$11.6";"AMEX"
"MLB";"Merrill Lynch & Co., Inc.";"$0.0";"AMEX"
"MLN";"Market Vectors ETF Trust";"$14.4";"AMEX"
"MLV";"Merrill Lynch & Co., Inc.";"$0.0";"AMEX"
"MLW";"Merrill Lynch & Co., Inc.";"$11.3";"AMEX"
"MMF";"Merrill Lynch & Co., Inc.";"$0.0";"AMEX"
"MMG";"Metalline Mining Company";"$47.6";"AMEX"
"MMV";"Eaton Vance Massachusetts Municipal Income Trust";"$36.4";"AMEX"
"MMZ-PK";"SiM Internal Test 6";"NA";"AMEX"
"MNK";"Merrill Lynch & Co., Inc.";"$29.2";"AMEX"
"MNL";"Merrill Lynch & Co., Inc.";"$0.0";"AMEX"
"MNM";"Morgan Stanley";"$0.0";"AMEX"
"MOC";"Command Security Corporation";"$30.3";"AMEX"
"MOO";"Market Vectors ETF Trust";"$717.7";"AMEX"
"MOR";"MORGAN STANLEY";"$16.1";"AMEX"
"MPP";"MTS Medication Technologies, Inc.";"$35.7";"AMEX"
"MPZ";"MPC Corporation";"$9.6";"AMEX"
"MPZ-WT";"MPC CORPORATION";"$0.0";"AMEX"
"MRM";"Merrimac Industries, Inc.";"$15.2";"AMEX"
"MRP";"Morgan Stanley Dean Witter & Co.";"$182.4";"AMEX"
"MRY";"Memry Corporation";"$72.7";"AMEX"
"MSL";"MidSouth Bancorp";"$104.2";"AMEX"
"MSN";"Emerson Radio Corporation";"$32.6";"AMEX"
"MSS";"Merrill Lynch & Co., Inc.";"$0.0";"AMEX"
"MST";"MORGAN STANLEY";"$9.2";"AMEX"
"MSU";"Morgan Stanley Dean Witter & Co.";"$123.3";"AMEX"
"MTK";"streetTRACKS Morgan Stanley Technology Index Fund";"$231.4";"AMEX"
"MUB";"iShares Trust";"$330.7";"AMEX"
"MVE";"Smart Move, Inc.";"$3.7";"AMEX"
"MVE-WT";"Smart Move, Inc.";"$0.0";"AMEX"
"MVF";"MuniVest Fund, Inc.";"$525.2";"AMEX"
"MVG";"Mag Silver Corporation";"$422.4";"AMEX"
"MVI";"Merrill Lynch & Co., Inc.";"$0.0";"AMEX"
"MVV";"ProShares Trust";"$66.9";"AMEX"
"MWL";"Merrill Lynch & Co., Inc.";"$0.0";"AMEX"
"MXA";"Minnesota Municipal Income Portfolio Inc.";"$54.4";"AMEX"
"MXC";"Mexco Energy Corporation";"$54.0";"AMEX"
"MXH";"Merrill Lynch & Co., Inc.";"$0.0";"AMEX"
"MXM";"MAXXAM Inc.";"$98.1";"AMEX"
"MXN";"First American Minnesota Municipal Income Fund II, Inc.";"$19.4";"AMEX"
"MYX";"Merrill Lynch & Co., Inc.";"$0.0";"AMEX"
"MYY";"ProShares Trust";"$243.7";"AMEX"
"MZA";"MuniYield Arizona Fund, Inc.";"$59.6";"AMEX"
"MZP";"Merrill Lynch & Co., Inc.";"$53.5";"AMEX"
"MZZ";"ProShares Trust";"$196.3";"AMEX"
"NAK";"Northern Dynasty Minerals, Ltd.";"$702.4";"AMEX"
"NAO";"North American Insurance Leaders, Inc.";"$142.7";"AMEX"
"NAO-U";"North American Insurance Leaders, Inc.";"$0.0";"AMEX"
"NAO-WT";"North American Insurance Leaders, Inc.";"$0.0";"AMEX"
"NAQ";"NRDC Acquisition Corp";"$483.9";"AMEX"
"NAQ-U";"NRDC Acquisition Corp";"$0.0";"AMEX"
"NAQ-WT";"NRDC Acquisition Corp";"$0.0";"AMEX"
"NAS";"Citigroup Inc.";"$284.9";"AMEX"
"NBF";"Nova Biosource Fuels, Inc.";"$50.6";"AMEX"
"NBH";"Neuberger Berman Intermediate Municipal Fund Inc.";"$261.5";"AMEX"
"NBJ";"Nuveen Ohio Dividend Advantage Municipal Fund 2";"$39.4";"AMEX"
"NBO";"Neuberger Berman New York Intermediate Municipal Fund Inc.";"$70.3";"AMEX"
"NBS";"Neostem, Inc.";"$4.2";"AMEX"
"NBS-WT";"Neostem, Inc.";"$0.0";"AMEX"
"NBW";"Neuberger Berman California Intermediate Municipal Fund Inc.";"$85.6";"AMEX"
"NBY";"NovaBay Pharmaceuticals, Inc.";"$42.8";"AMEX"
"NCU";"Nuveen California Premium Income Municipal Fund";"$71.7";"AMEX"
"NDD";"Neuberger Berman Dividend Advantage";"$80.8";"AMEX"
"NEA";"Nuveen Insured Tax-Free Advantage Municipal Fund";"$244.4";"AMEX"
"NEH";"AB Svensk Ekportkredit (Swedish Export Credit Corporation)";"$115.8";"AMEX"
"NEN";"New England Realty Associates Limited Partnership";"$77.8";"AMEX"
"NEP";"Nephros, Inc.";"$21.0";"AMEX"
"NFC";"Nuveen Connecticut Dividend Advantage Municipal Fund";"$38.2";"AMEX"
"NFM";"Nuveen Maryland Dividend Advantage Municipal Fund";"$60.7";"AMEX"
"NFO";"Claymore Exchange-Traded Fund Trust";"$23.8";"AMEX"
"NFZ";"Nuveen Arizona Dividend Advantage Municipal Fund";"$20.9";"AMEX"
"NG";"Novagold Resources Inc New";"$790.9";"AMEX"
"NGB";"Nuveen Virginia Dividend Advantage Municipal Fund";"$42.6";"AMEX"
"NGD";"NEW GOLD INC.";"$288.2";"AMEX"
"NGK";"Nuveen Connecticut Dividend Advantage Municipal Fund 2";"$37.3";"AMEX"
"NGO";"Nuveen Connecticut Dividend Advantage Municipal Fund 3";"$58.3";"AMEX"
"NGS";"Natural Gas Services Group, Inc.";"$350.4";"AMEX"
"NGX";"Nuveen Insured Massachusetts Tax-Free Advantage Municipal Fund";"$38.0";"AMEX"
"NHC";"National HealthCare Corporation";"$588.1";"AMEX"
"NHC-PA";"National HealthCare Corporation";"$140.9";"AMEX"
"NII";"Nuveen North Carolina Dividend Advantage Municipal Fund 3";"$55.4";"AMEX"
"NKB";"Merrill Lynch & Co., Inc.";"$0.0";"AMEX"
"NKG";"Nuveen Georgia Dividend Advantage Municipal Fund 2";"$58.5";"AMEX"
"NKI-WT";"Eksprtfinans ASA";"$0.0";"AMEX"
"NKL";"Nuveen Insured California Dividend Advantage Municipal Fund";"$204.2";"AMEX"
"NKO";"Nuveen Insured New York Dividend Advantage Municipal Fund";"$103.7";"AMEX"
"NKR";"Nuveen Arizona Dividend Advantage Municipal Fund 2";"$33.5";"AMEX"
"NKS";"Merrill Lynch & Co., Inc.";"$0.0";"AMEX"
"NKW";"Merrill Lynch & Co., Inc.";"$0.0";"AMEX"
"NKX";"Nuveen Insured California Tax-Free Advantage Municipal Fund";"$80.5";"AMEX"
"NLN";"National Lampoon Inc.";"$13.3";"AMEX"
"NLP";"NTS Realty Holdings Limited Partnership";"$56.9";"AMEX"
"NLR";"Market Vectors ETF Trust";"$115.6";"AMEX"
"NLX";"Overture Acquisition Corp.";"$174.0";"AMEX"
"NLX-U";"Overture Acquisition Corp.";"$0.0";"AMEX"
"NLX-WT";"Overture Acquisition Corp.";"$0.0";"AMEX"
"NMB";"Nuveen Massachusetts Dividend Advantage Municipal Fund";"$27.9";"AMEX"
"NMQ";"Merrill Lynch & Co., Inc.";"$0.0";"AMEX"
"NMZ";"Nuveen Municipal High Income Opportunity Fund";"$356.9";"AMEX"
"NNB";"Nuveen Virginia Dividend Advantage Municipal Fund 2";"$82.2";"AMEX"
"NNL";"Merrill Lynch & Co., Inc.";"$0.0";"AMEX"
"NNO";"Nuveen North Carolina Dividend Advantage Municipal Fund 2";"$49.4";"AMEX"
"NOG";"Northern Oil and Gas, Inc.";"$406.5";"AMEX"
"NOM";"Nuveen Missouri Premium Income Municipal Fund";"$32.2";"AMEX"
"NOW";"American International Group, Inc.";"$10.9";"AMEX"
"NOX";"Neuberger Berman Income Opportunity Fund Inc.";"$162.4";"AMEX"
"NPG";"Nuveen Georgia Premium Income Municipal Fund";"$48.9";"AMEX"
"NPS";"MORGAN STANLEY";"$12.2";"AMEX"
"NRB";"Nuveen North Carolina Dividend Advantage Municipal Fund";"$31.8";"AMEX"
"NRK";"Nuveen Insured New York Tax-Free Advantage Municipal Fund";"$47.1";"AMEX"
"NRO";"Neuberger Berman Real Estate Securities Income Fund, Inc.";"$589.4";"AMEX"
"NSU";"Nevsun Resources Ltd";"$264.7";"AMEX"
"NTN";"NTN Buzztime, Inc.";"$16.1";"AMEX"
"NTQ";"NTR Acquisition Co";"$238.7";"AMEX"
"NTQ-U";"NTR Acquisition Co";"$0.0";"AMEX"
"NTQ-WT";"NTR ACQUISITION CO";"$0.0";"AMEX"
"NUJ";"Nuveen New Jersey Dividend Advantage Municipal Fund 2";"$60.7";"AMEX"
"NVD";"Novadel Pharma Inc";"$13.4";"AMEX"
"NVG";"Nuveen Insured Dividend Advantage Municipal Fund";"$382.8";"AMEX"
"NVJ";"Nuveen Ohio Dividend Advantage Municipal Fund 3";"$28.4";"AMEX"
"NVX";"Nuveen California Dividend Advantage Municipal Fund 2";"$190.6";"AMEX"
"NVY";"Nuveen Pennsylvania Dividend Advantage Municipal Fund 2";"$47.4";"AMEX"
"NWD";"New Dragon Asia Corporation";"$31.5";"AMEX"
"NWF";"Nuveen Insured Florida Tax-Free Advantage Municipal Fund";"$47.5";"AMEX"
"NWI";"Nuveen Maryland Dividend Advantage Municipal Fund 3";"$67.6";"AMEX"
"NXE";"Nuveen Arizona Dividend Advantage Municipal Fund 3";"$40.1";"AMEX"
"NXG";"Northgate Minerals Corporation";"$674.3";"AMEX"
"NXI";"Nuveen Ohio Dividend Advantage Municipal Fund";"$55.1";"AMEX"
"NXJ";"Nuveen New Jersey Dividend Advantage Municipal Fund";"$83.1";"AMEX"
"NXK";"Nuveen New York Dividend Advantage Municipal Fund 2";"$83.7";"AMEX"
"NXM";"Nuveen Pennsylvania Dividend Advantage Municipal Fund";"$43.1";"AMEX"
"NXZ";"Nuveen Dividend Advantage Municipal Fund 2";"$433.0";"AMEX"
"NYF";"iShares Trust";"$20.5";"AMEX"
"NYH";"Eaton Vance Insured New York Municipal Bond Fund II";"$34.0";"AMEX"
"NYW";"Merrill Lynch & Co., Inc.";"$0.0";"AMEX"
"NZF";"Nuveen Dividend Advantage Municipal Fund 3";"$529.0";"AMEX"
"NZH";"Nuveen California Dividend Advantage Municipal Fund 3";"$306.2";"AMEX"
"NZR";"Nuveen Maryland Dividend Advantage Municipal Fund 2";"$58.6";"AMEX"
"NZW";"Nuveen Michigan Dividend Advantage Municipal Fund";"$27.7";"AMEX"
"NZX";"Nuveen Georgia Dividend Advantage Municipal Fund";"$25.3";"AMEX"
"ODY";"AB Svensk Ekportkredit (Swedish Export Credit Corporation)";"$18.4";"AMEX"
"OFI";"Overhill Farms, Inc.";"$126.3";"AMEX"
"OHB";"Orleans Homebuilders, Inc.";"$69.3";"AMEX"
"OIH";"Merrill Lynch Market Oil Service HOLDRS";"$4,979.4";"AMEX"
"OKN";"Oceanaut, Inc.";"$193.1";"AMEX"
"OKN-U";"Oceanaut, Inc.";"$0.0";"AMEX"
"OKN-WT";"Oceanaut, Inc.";"$0.0";"AMEX"
"ONI";"Oragenics, Inc.";"$16.3";"AMEX"
"ONT";"On2 Technologies, Inc.";"$71.9";"AMEX"
"OOO";"SPDR O-Strip Exchange Traded Fund";"$296.5";"AMEX"
"OOO-U";"Global BPO Services Corp.";"$0.0";"AMEX"
"OOO-WT";"Global BPO Services Corp.";"$0.0";"AMEX"
"OOZ-PK";"SiM Internal Test 7";"NA";"AMEX"
"OPK";"Opko Health Inc";"$263.8";"AMEX"
"ORS";"Orsus Xelent Technolgies, Inc.";"$33.9";"AMEX"
"OTP";"Claymore Exchange-Traded Fund Trust";"$7.6";"AMEX"
"OTR";"Claymore Exchange-Traded Fund Trust";"$2.5";"AMEX"
"OZN";"Orezone Res Inc";"$405.8";"AMEX"
"PAB";"Citigroup Inc.";"$0.0";"AMEX"
"PAE";"Peace Arch Entertainment Group Inc.";"$20.8";"AMEX"
"PAL";"North American Palladium, Ltd.";"$371.3";"AMEX"
"PAL-WT";"North American Palladium, Ltd.";"$0.0";"AMEX"
"PAO";"PowerShares Exchange-Traded Fund Trust";"$6.6";"AMEX"
"PAX";"Prospect Acquisition Corporation";"$290.9";"AMEX"
"PAX-U";"Prospect Acquisition Corporation";"$0.0";"AMEX"
"PAX-WT";"Prospect Acquisition Corporation";"$0.0";"AMEX"
"PBD";"PowerShares Exchange-Traded Fund Trust";"$15.6";"AMEX"
"PBE";"PowerShares Exchange-Traded Fund Trust";"$257.5";"AMEX"
"PBJ";"PowerShares Exchange-Traded Fund Trust";"$24.3";"AMEX"
"PBM";"PACIFIC BOOKER MINERALS INC";"$67.5";"AMEX"
"PBN";"Citigroup Inc.";"$26.5";"AMEX"
"PBS";"PowerShares Exchange-Traded Fund Trust";"$19.5";"AMEX"
"PBW";"PowerShares Exchange-Traded Fund Trust";"$522.8";"AMEX"
"PCA";"PowerShares Exchange-Traded Fund Trust";"$5.5";"AMEX"
"PCC";"PMC Commercial Trust";"$84.6";"AMEX"
"PCE";"Arizona Land Income Corporation";"$20.0";"AMEX"
"PCG-PA";"Pacific Gas & Electric Co.";"$145.2";"AMEX"
"PCG-PB";"Pacific Gas & Electric Co.";"$27.7";"AMEX"
"PCG-PC";"Pacific Gas & Electric Co.";"$8.6";"AMEX"
"PCG-PD";"Pacific Gas & Electric Co.";"$36.9";"AMEX"
"PCG-PE";"Pacific Gas & Electric Co.";"$25.9";"AMEX"
"PCG-PG";"Pacific Gas & Electric Co.";"$16.1";"AMEX"
"PCG-PH";"Pacific Gas & Electric Co.";"$11.8";"AMEX"
"PCG-PI";"Pacific Gas & Electric Co.";"$7.6";"AMEX"
"PCO";"Citigroup Inc.";"$15.8";"AMEX"
"PCY";"PowerShares Exchange-Traded Fund Trust";"$122.2";"AMEX"
"PDC";"Pioneer Drilling Co";"$926.1";"AMEX"
"PDD";"Citigroup Inc.";"$30.4";"AMEX"
"PDJ";"MORGAN STANLEY";"$58.5";"AMEX"
"PDL-A";"Presidential Realty Corporation";"$2.4";"AMEX"
"PDL-B";"Presidential Realty Corporation";"$17.6";"AMEX"
"PDN";"PowerShares Exchange-Traded Fund Trust";"$20.3";"AMEX"
"PDO";"Pyramid Oil Co";"$87.9";"AMEX"
"PDQ";"PowerShares Exchange-Traded Fund Trust";"$11.3";"AMEX"
"PDW";"Citigroup Inc.";"$60.2";"AMEX"
"PDY";"Citigroup Inc.";"$86.8";"AMEX"
"PEH";"PowerShares Exchange-Traded Fund Trust";"$3.8";"AMEX"
"PEJ";"PowerShares Exchange-Traded Fund Trust";"$20.8";"AMEX"
"PEL";"MORGAN STANLEY";"$45.6";"AMEX"
"PET-PA";"PACIFIC ENTERPRISES";"$15.4";"AMEX"
"PET-PB";"PACIFIC ENTERPRISES";"$7.7";"AMEX"
"PET-PC";"PACIFIC ENTERPRISES";"$23.3";"AMEX"
"PET-PD";"PACIFIC ENTERPRISES";"$17.6";"AMEX"
"PEX";"Apex Bioventures Acquisition Corporation";"$79.8";"AMEX"
"PEX-U";"Apex Bioventures Acquisition Corporation";"$0.0";"AMEX"
"PEX-WT";"Apex Bioventures Acquisition Corporation";"$0.0";"AMEX"
"PEY";"PowerShares High Yield Equity Dividend Achievers Portfolio";"$252.5";"AMEX"
"PEZ";"PowerShares Exchange-Traded Fund Trust";"$11.5";"AMEX"
"PFA";"PowerShares Exchange-Traded Fund Trust";"$6.1";"AMEX"
"PFF";"iShares Trust";"$18.1";"AMEX"
"PFI";"PowerShares Exchange-Traded Fund Trust";"$20.5";"AMEX"
"PFM";"PowerShares Exchange-Traded Fund Trust";"$21.3";"AMEX"
"PFP";"PowerShares Exchange-Traded Fund Trust";"$15.5";"AMEX"
"PFT";"Citigroup Inc.";"$0.0";"AMEX"
"PGC";"Peapack-Gladstone Financial Corporation";"$205.7";"AMEX"
"PGF";"PowerShares Exchange-Traded Fund Trust";"$220.9";"AMEX"
"PGJ";"PowerShares Golden Dragon Halter USX China Portfolio";"$323.5";"AMEX"
"PGX";"PowerShares Exchange-Traded Fund Trust";"$102.8";"AMEX"
"PGZ";"PowerShares Exchange-Traded Fund Trust";"$4.9";"AMEX"
"PHB";"PowerShares Exchange-Traded Fund Trust";"$13.4";"AMEX"
"PHC";"PHC, Inc.";"$43.7";"AMEX"
"PHE";"Merrill Lynch & Co., Inc.";"$47.8";"AMEX"
"PHF";"Pacholder High Yield Fund, Inc.";"$101.0";"AMEX"
"PHJ";"PowerShares Exchange-Traded Fund Trust";"$20.8";"AMEX"
"PHO";"PowerShares Exchange-Traded Fund Trust";"$1,006.9";"AMEX"
"PHW";"PowerShares Exchange-Traded Fund Trust";"$14.5";"AMEX"
"PHX";"Panhandle Royalty Company";"$309.6";"AMEX"
"PIC";"PowerShares Exchange-Traded Fund Trust";"$26.5";"AMEX"
"PID";"PowerShares Exchange-Traded Fund Trust";"$162.8";"AMEX"
"PIO";"PowerShares Exchange-Traded Fund Trust";"$37.0";"AMEX"
"PIP";"PharmAthene, Inc";"$48.8";"AMEX"
"PIP-WT";"PharmAthene, Inc";"$1.3";"AMEX"
"PIQ";"PowerShares Exchange-Traded Fund Trust";"$59.4";"AMEX"
"PIV";"PowerShares Exchange-Traded Fund Trust";"$170.7";"AMEX"
"PJB";"PowerShares Exchange-Traded Fund Trust";"$87.8";"AMEX"
"PJF";"PowerShares Exchange-Traded Fund Trust";"$24.2";"AMEX"
"PJG";"PowerShares Exchange-Traded Fund Trust";"$23.9";"AMEX"
"PJK";"Eksprtfinans ASA";"$0.0";"AMEX"
"PJM";"PowerShares Exchange-Traded Fund Trust";"$17.3";"AMEX"
"PJP";"PowerShares Exchange-Traded Fund Trust";"$68.8";"AMEX"
"PKB";"PowerShares Exchange-Traded Fund Trust";"$29.4";"AMEX"
"PKT";"Procera Networks, Inc.";"$87.1";"AMEX"
"PKW";"PowerShares Exchange-Traded Fund Trust";"$57.2";"AMEX"
"PLC";"PLC Systems Inc.";"$10.6";"AMEX"
"PLG";"Platinum Group Metals Ltd.";"$183.0";"AMEX"
"PLI";"Proliance International, Inc.";"$17.1";"AMEX"
"PLM";"Polymet Mining Corp.";"$500.0";"AMEX"
"PLR";"Citigroup Inc.";"$16.4";"AMEX"
"PLW";"PowerShares Exchange-Traded Fund Trust";"$42.3";"AMEX"
"PLX";"Protalix BioTherapeutics, Inc.";"$231.4";"AMEX"
"PMD";"Psychemedics Corporation";"$83.7";"AMEX"
"PME";"PREMD INC";"$5.8";"AMEX"
"PMK";"PMA Capital Corporation";"$55.2";"AMEX"
"PMR";"PowerShares Exchange-Traded Fund Trust";"$18.6";"AMEX"
"PMU";"Pacific Rim Mining Corp New";"$46.1";"AMEX"
"PNJ";"Citigroup Inc.";"$22.0";"AMEX"
"PNS";"Pinnacle Data Systems, Inc.";"$10.4";"AMEX"
"PP";"Pipex Pharmaceuticals, Inc.";"$16.0";"AMEX"
"PPA";"PowerShares Exchange-Traded Fund Trust";"$83.7";"AMEX"
"PPH";"Merrill Lynch Pharmaceutical HOLDRS";"$1,211.4";"AMEX"
"PPI";"Citigroup Inc.";"$55.1";"AMEX"
"PPJ";"Citigroup Inc.";"$0.0";"AMEX"
"PPK";"Citigroup Inc.";"$0.0";"AMEX"
"PPN";"Citigroup Inc.";"$93.2";"AMEX"
"PPW-P";"PACIFICORP";"$11.0";"AMEX"
"PPY";"MORGAN STANLEY";"$26.6";"AMEX"
"PQU";"Citigroup Inc.";"$79.1";"AMEX"
"PRC";"Petro Resources Corporation";"$120.9";"AMEX"
"PRK";"Park National Corporation";"$667.9";"AMEX"
"PRN";"PowerShares Exchange-Traded Fund Trust";"$0.4";"AMEX"
"PRW";"Pro-Pharmaceuticals, Inc.";"$16.8";"AMEX"
"PSB";"PS Business Parks, Inc.";"$1,078.3";"AMEX"
"PSB-PH";"PS Business Parks, Inc.";"$161.1";"AMEX"
"PSB-PI";"PS Business Parks, Inc.";"$59.0";"AMEX"
"PSB-PK";"PS Business Parks, Inc.";"$53.4";"AMEX"
"PSB-PL";"PS Business Parks, Inc.";"$49.5";"AMEX"
"PSB-PM";"PS Business Parks, Inc.";"$67.2";"AMEX"
"PSB-PO";"PS Business Parks, Inc.";"$0.0";"AMEX"
"PSB-PP";"PS Business Parks, Inc.";"$0.0";"AMEX"
"PSC";"Citigroup Inc.";"$52.8";"AMEX"
"PSI";"PowerShares Exchange-Traded Fund Trust";"$79.8";"AMEX"
"PSJ";"PowerShares Exchange-Traded Fund Trust";"$44.6";"AMEX"
"PSL";"PowerShares Exchange-Traded Fund Trust";"$22.4";"AMEX"
"PSP";"PowerShares Exchange-Traded Fund Trust";"$97.5";"AMEX"
"PSQ";"ProShares Trust";"$94.1";"AMEX"
"PST";"ProShares Trust";"NA";"AMEX"
"PTE";"PowerShares Exchange-Traded Fund Trust";"$27.6";"AMEX"
"PTF";"PowerShares Exchange-Traded Fund Trust";"$40.2";"AMEX"
"PTG";"Paragon Technologies, Inc.";"$15.0";"AMEX"
"PTH";"PowerShares Exchange-Traded Fund Trust";"$111.0";"AMEX"
"PTJ";"PowerShares Exchange-Traded Fund Trust";"$21.9";"AMEX"
"PTN";"Palatin Technologies, Inc.";"$12.8";"AMEX"
"PTO";"PowerShares Exchange-Traded Fund Trust";"$6.6";"AMEX"
"PTS";"Citigroup Inc.";"$55.6";"AMEX"
"PUA";"PowerShares Exchange-Traded Fund Trust";"$8.8";"AMEX"
"PUI";"PowerShares Exchange-Traded Fund Trust";"$26.8";"AMEX"
"PUW";"PowerShares Exchange-Traded Fund Trust";"$38.8";"AMEX"
"PVI";"PowerShares Exchange-Traded Fund Trust";"$95.2";"AMEX"
"PVM";"PowerShares Exchange-Traded Fund Trust";"$13.1";"AMEX"
"PW";"Pittsburgh & West Virginia Railroad";"$14.5";"AMEX"
"PWB";"PowerShares Exchange-Traded Fund Trust";"$638.2";"AMEX"
"PWC";"Power Shares XTF: Dynamic Market Portfolio";"$573.7";"AMEX"
"PWD";"PowerShares Exchange-Traded Fund Trust";"$5.8";"AMEX"
"PWJ";"PowerShares Exchange-Traded Fund Trust";"$364.0";"AMEX"
"PWO";"Power Shares XTF: Dynamic OTC Portfolio";"$92.3";"AMEX"
"PWP";"PowerShares Exchange-Traded Fund Trust";"$73.3";"AMEX"
"PWT";"PowerShares Exchange-Traded Fund Trust";"$49.2";"AMEX"
"PWV";"PowerShares Exchange-Traded Fund Trust";"$228.5";"AMEX"
"PWY";"PowerShares Exchange-Traded Fund Trust";"$81.9";"AMEX"
"PWZ";"PowerShares Exchange-Traded Fund Trust";"$14.5";"AMEX"
"PXE";"PowerShares Exchange-Traded Fund Trust";"$172.6";"AMEX"
"PXG";"Phoenix Footwear Group, Inc.";"$11.7";"AMEX"
"PXH";"PowerShares Exchange-Traded Fund Trust";"$95.0";"AMEX"
"PXI";"PowerShares Exchange-Traded Fund Trust";"$42.2";"AMEX"
"PXJ";"PowerShares Exchange-Traded Fund Trust";"$493.9";"AMEX"
"PXN";"PowerShares Exchange-Traded Fund Trust";"$76.6";"AMEX"
"PXQ";"PowerShares Exchange-Traded Fund Trust";"$23.7";"AMEX"
"PYH";"PowerShares Exchange-Traded Fund Trust";"$46.8";"AMEX"
"PYZ";"PowerShares Exchange-Traded Fund Trust";"$41.8";"AMEX"
"PZA";"PowerShares Exchange-Traded Fund Trust";"$142.0";"AMEX"
"PZD";"PowerShares Exchange-Traded Fund Trust";"$34.7";"AMEX"
"PZG";"Paramount Gold and Silver Corp.";"$68.1";"AMEX"
"PZI";"PowerShares Exchange-Traded Fund Trust";"$109.6";"AMEX"
"PZJ";"PowerShares Exchange-Traded Fund Trust";"$44.9";"AMEX"
"PZT";"PowerShares Exchange-Traded Fund Trust";"$12.1";"AMEX"
"PZZ";"Prospect Medical Hldgs Inc";"$32.4";"AMEX"
"QCC";"Quest Cap Corp New";"$229.0";"AMEX"
"QGP";"Quantum Group, Inc. (The)";"$12.4";"AMEX"
"QGP-WTA";"Quantum Group, Inc. (The)";"$0.0";"AMEX"
"QGP-WTB";"Quantum Group, Inc. (The)";"$0.0";"AMEX"
"QID";"ProShares Trust";"$2,295.6";"AMEX"
"QKP";"Merrill Lynch & Co., Inc.";"NA";"AMEX"
"QLD";"ProShares Trust";"$186.3";"AMEX"
"QMM";"Quaterra Resources Inc";"$266.3";"AMEX"
"QQZ-PK";"SiM Internal Test 8";"NA";"AMEX"
"RAA";"BlackRock California Investment Quality Municipal Trust Inc.";"$11.9";"AMEX"
"RAE";"RAE Systems Inc";"$78.1";"AMEX"
"RAF";"RMR Asia Real Estate Fund";"$53.7";"AMEX"
"RAK";"Renaissance Acquisition Corp";"$125.6";"AMEX"
"RAK-U";"Renaissance Acquisition Corp";"$0.0";"AMEX"
"RAK-WT";"RENAISSANCE ACQUISITION CORP";"$0.0";"AMEX"
"RAO";"Morgan Stanley";"$19.5";"AMEX"
"RAP";"RMR Asia Pacific Real Estate Fund";"$21.1";"AMEX"
"RAW";"Lehman Brothers Fin SA";"$324.6";"AMEX"
"RBG";"Morgan Stanley Dean Witter & Co.";"$65.8";"AMEX"
"RBY";"RUBICON MINERALS CORP";"$218.9";"AMEX"
"RCD";"Rydex ETF Trust";"$19.9";"AMEX"
"RCG";"Renaissance Capital Growth & Income Fund III, Inc.";"$22.5";"AMEX"
"RCR";"RMR Dividend Capture Fund";"$19.0";"AMEX"
"RDF";"AB Svensk Ekportkredit (Swedish Export Credit Corporation)";"$29.5";"AMEX"
"RDI";"READING INTERNATIONAL INC";"$165.6";"AMEX"
"RDI-B";"READING INTERNATIONAL INC";"$13.8";"AMEX"
"RDP";"Morgan Stanley";"$38.9";"AMEX"
"RDR";"RMR Preferred Dividend Fund";"$20.4";"AMEX"
"REA";"Rydex ETF Trust";"NA";"AMEX"
"REC";"Rydex ETF Trust";"NA";"AMEX"
"REK";"Merrill Lynch & Co., Inc.";"$0.0";"AMEX"
"RER";"Merrill Lynch & Co., Inc.";"$24.3";"AMEX"
"REU";"AB Svensk Ekportkredit (Swedish Export Credit Corporation)";"$77.5";"AMEX"
"REW";"ProShares Trust";"$5.1";"AMEX"
"REX";"Virexx Medical Corp";"$4.4";"AMEX"
"RFA";"BlackRock Florida Investment Quality Municipal Trust Inc. (The";"$12.8";"AMEX"
"RFG";"Rydex ETF Trust";"$18.7";"AMEX"
"RFL";"Rydex ETF Trust";"NA";"AMEX"
"RFN";"Rydex ETF Trust";"NA";"AMEX"
"RFR";"RFR F.I.R.E. Fund";"$13.0";"AMEX"
"RFV";"Rydex ETF Trust";"$15.9";"AMEX"
"RGI";"Rydex ETF Trust";"$7.4";"AMEX"
"RGN";"Regenerx Biopharmaceuticals Inc";"$66.0";"AMEX"
"RHM";"Rydex ETF Trust";"NA";"AMEX"
"RHO";"Rydex ETF Trust";"NA";"AMEX"
"RHQ";"Merrill Lynch & Co., Inc.";"NA";"AMEX"
"RHR";"RMR Hospitality and Real Estate Fund";"$29.3";"AMEX"
"RHS";"Rydex ETF Trust";"$7.1";"AMEX"
"RIC";"Richmont Mines, Inc.";"$68.3";"AMEX"
"RIV";"Riviera Holdings Corporation";"$102.6";"AMEX"
"RJA";"AB Svensk Ekportkredit (Swedish Export Credit Corporation)";"$315.2";"AMEX"
"RJI";"AB Svensk Ekportkredit (Swedish Export Credit Corporation)";"$170.8";"AMEX"
"RJN";"AB Svensk Ekportkredit (Swedish Export Credit Corporation)";"$17.4";"AMEX"
"RJZ";"AB Svensk Ekportkredit (Swedish Export Credit Corporation)";"$27.2";"AMEX"
"RKH";"Merrill Lynch Regional Bank HOLDRS";"$168.0";"AMEX"
"RLL";"Morgan Stanley";"$0.0";"AMEX"
"RLO";"Merrill Lynch & Co., Inc.";"$0.0";"AMEX"
"RMM";"Rydex ETF Trust";"$8.6";"AMEX"
"RMR";"RMR Real Estate Fund";"$62.8";"AMEX"
"RMS";"Rydex ETF Trust";"$13.1";"AMEX"
"RMX";"Ready Mix Inc.";"$16.4";"AMEX"
"RNJ";"BlackRock New Jersey Investment Quality Municipal Trust Inc.";"$12.6";"AMEX"
"RNN";"Rexahn Pharmaceuticals, Inc.";"$61.5";"AMEX"
"RNY";"BlackRock New York Investment Quality Municipal Trust Inc. (Th";"$17.8";"AMEX"
"ROM";"ProShares Trust";"$4.1";"AMEX"
"ROX";"Castle Brands, Inc.";"$3.0";"AMEX"
"ROY";"International Realty Corporation";"$399.5";"AMEX"
"RPG";"Rydex ETF Trust";"$53.5";"AMEX"
"RPI";"Roberts Realty Investors, Inc.";"$33.6";"AMEX"
"RPN";"MORGAN STANLEY";"$52.2";"AMEX"
"RPV";"Rydex ETF Trust";"$25.5";"AMEX"
"RRM";"Merrill Lynch & Co., Inc.";"$29.0";"AMEX"
"RRY";"Rydex ETF Trust";"$7.6";"AMEX"
"RRZ";"Rydex ETF Trust";"$13.8";"AMEX"
"RSM";"Merrill Lynch & Co., Inc.";"$0.0";"AMEX"
"RSP";"Rydex ETF Trust";"$1,723.9";"AMEX"
"RSU";"Rydex ETF Trust";"$7.4";"AMEX"
"RSW";"Rydex ETF Trust";"$20.7";"AMEX"
"RSY";"Merrill Lynch & Co., Inc.";"$0.0";"AMEX"
"RTC";"Merrill Lynch & Co., Inc.";"$0.0";"AMEX"
"RTG";"Rydex ETF Trust";"NA";"AMEX"
"RTH";"Merrill Lynch Retail HOLDRS";"$463.3";"AMEX"
"RTK";"Rentech, Inc.";"$252.0";"AMEX"
"RTM";"Rydex ETF Trust";"$7.5";"AMEX"
"RTS";"Merrill Lynch & Co., Inc.";"$0.0";"AMEX"
"RTW";"Rydex ETF Trust";"NA";"AMEX"
"RTX";"Merrill Lynch & Co., Inc.";"$0.0";"AMEX"
"RUD";"Citigroup Inc.";"$137.4";"AMEX"
"RVP";"Retractable Technologies, Inc.";"$29.8";"AMEX"
"RVR";"White River Capital, Inc.";"$60.4";"AMEX"
"RWC";"RELM Wireless Corporation";"$18.6";"AMEX"
"RWM";"ProShares Trust";"$29.8";"AMEX"
"RWO";"SPDR Index Shares Fund";"$4.2";"AMEX"
"RWR";"streetTRACKS Wilshire REIT Index Fund";"$976.3";"AMEX"
"RWX";"streetTRACKS Index Shares Funds";"$465.5";"AMEX"
"RXB";"Morgan Stanley Dean Witter & Co.";"$55.4";"AMEX"
"RXD";"ProShares Trust";"$12.1";"AMEX"
"RXL";"ProShares Trust";"$8.2";"AMEX"
"RYE";"Rydex ETF Trust";"$10.9";"AMEX"
"RYF";"Rydex ETF Trust";"$4.1";"AMEX"
"RYH";"Rydex ETF Trust";"$15.3";"AMEX"
"RYT";"Rydex ETF Trust";"$15.2";"AMEX"
"RYU";"Rydex ETF Trust";"$5.6";"AMEX"
"RZG";"Rydex ETF Trust";"$8.9";"AMEX"
"RZI";"Merrill Lynch & Co., Inc.";"$0.0";"AMEX"
"RZV";"Rydex ETF Trust";"$16.3";"AMEX"
"RZY";"Merrill Lynch & Co., Inc.";"$0.0";"AMEX"
"SA";"Seabridge Gold, Inc.";"$786.3";"AMEX"
"SAA";"ProShares Trust";"$6.9";"AMEX"
"SAD";"AB Svensk Ekportkredit (Swedish Export Credit Corporation)";"$141.4";"AMEX"
"SAL";"Salisbury Bancorp, Inc.";"$49.7";"AMEX"
"SAR";"Merrill Lynch & Co., Inc.";"NA";"AMEX"
"SBB";"ProShares Trust";"$11.6";"AMEX"
"SBI";"Western Asset Intermediate Muni Fund Inc";"$119.3";"AMEX"
"SBK";"Morgan Stanley";"$11.6";"AMEX"
"SBN";"SoftBrands, Inc.";"$45.6";"AMEX"
"SCB";"Community Bankshares, Inc.";"$88.4";"AMEX"
"SCC";"ProShares Trust";"$8.3";"AMEX"
"SCE-PB";"Southern California Edison Company";"$18.3";"AMEX"
"SCE-PC";"Southern California Edison Company";"$22.0";"AMEX"
"SCE-PD";"Southern California Edison Company";"$31.4";"AMEX"
"SCE-PE";"Southern California Edison Company";"$26.9";"AMEX"
"SCU";"Storm Cat Energy Corporation";"$85.3";"AMEX"
"SDD";"ProShares Trust";"$30.2";"AMEX"
"SDK";"ProShares Trust";"$5.7";"AMEX"
"SDM";"MORGAN STANLEY";"$0.1";"AMEX"
"SDO-PA";"San Diego Gas & Electric Company";"$7.1";"AMEX"
"SDO-PB";"San Diego Gas & Electric Company";"$4.9";"AMEX"
"SDO-PC";"San Diego Gas & Electric Company";"$5.3";"AMEX"
"SDO-PH";"San Diego Gas & Electric Company";"$17.0";"AMEX"
"SDP";"ProShares Trust";"$15.9";"AMEX"
"SDS";"ProShares Trust";"$1,315.7";"AMEX"
"SDY";"SPDR Series Trust";"$192.5";"AMEX"
"SEB";"Seaboard Corporation";"$1,828.7";"AMEX"
"SEF";"ProShares Trust";"NA";"AMEX"
"SEM";"Morgan Stanley";"$0.0";"AMEX"
"SFH";"Citigroup Inc.";"$98.0";"AMEX"
"SFK";"ProShares Trust";"$5.8";"AMEX"
"SFV";"SPA ETF Trust";"$4.2";"AMEX"
"SGB";"Southwest Georgia Financial Corporation";"$42.7";"AMEX"
"SGN";"Signalife, Inc.";"$8.5";"AMEX"
"SGT";"NETS Trust";"NA";"AMEX"
"SH";"ProShares Trust";"$223.1";"AMEX"
"SHA";"Shanghai Century Acquisition Corporation";"$138.6";"AMEX"
"SHA-U";"Shanghai Century Acquisition Corporation";"$112.8";"AMEX"
"SHA-WT";"Shanghai Century Acquisition Corporation";"$0.1";"AMEX"
"SHJ";"Merrill Lynch & Co., Inc.";"$0.0";"AMEX"
"SHM";"SPDR Series Trust";"$50.6";"AMEX"
"SHZ";"China Shen Zhou Mining & Resources, Inc.";"$46.7";"AMEX"
"SIF";"SIFCO Industries, Inc.";"$45.6";"AMEX"
"SIH";"SPA ETF Trust";"$2.0";"AMEX"
"SIJ";"ProShares Trust";"$5.3";"AMEX"
"SIL";"Apex Silver Mines Limited";"$282.3";"AMEX"
"SIM";"Grupo Simec, S.A. de C.V.";"$150.8";"AMEX"
"SIT";"Merrill Lynch & Co., Inc.";"$0.0";"AMEX"
"SJF";"ProShares Trust";"$7.8";"AMEX"
"SJH";"ProShares Trust";"$7.9";"AMEX"
"SJL";"ProShares Trust";"$7.7";"AMEX"
"SJP";"Citigroup Inc.";"$30.8";"AMEX"
"SKC";"Citigroup Inc.";"$23.3";"AMEX"
"SKE";"Morgan Stanley";"$0.0";"AMEX"
"SKF";"ProShares Trust";"$143.9";"AMEX"
"SKK";"ProShares Trust";"$17.3";"AMEX"
"SKL";"Citigroup Inc.";"$28.0";"AMEX"
"SLI";"SL Industries, Inc.";"$84.6";"AMEX"
"SLV";"iShares Silver Trust";"$3,373.7";"AMEX"
"SLX";"Market Vectors ETF Trust";"$278.8";"AMEX"
"SLZ";"Morgan Stanley";"$0.0";"AMEX"
"SMB";"Market Vectors ETF Trust";"$4.9";"AMEX"
"SMC";"Central Sun Mining Inc";"$89.7";"AMEX"
"SMD";"Singing Machine Company, Inc. (The)";"$3.7";"AMEX"
"SMH";"Merrill Lynch Semiconductor HOLDRS";"$1,030.2";"AMEX"
"SMN";"ProShares Trust";"$4.8";"AMEX"
"SMU";"Citigroup Inc.";"$43.3";"AMEX"
"SNB";"SPA ETF Trust";"$2.0";"AMEX"
"SNG";"Canadian Superior Energy Inc";"$564.1";"AMEX"
"SNQ";"Citigroup Inc.";"$36.3";"AMEX"
"SNR";"Sunair Services Corporation";"$28.3";"AMEX"
"SNT";"Senesco Technologies Inc";"$31.1";"AMEX"
"SOC";"Stoneleigh Partners Acquisition Corp";"$259.8";"AMEX"
"SOC-U";"Stoneleigh Partners Acquisition Corp";"$0.0";"AMEX"
"SOC-WT";"Stoneleigh Partners Acquisition Corp";"$0.0";"AMEX"
"SOG";"Citigroup Inc.";"$28.7";"AMEX"
"SOT";"Merrill Lynch & Co., Inc.";"$0.0";"AMEX"
"SOU";"Morgan Stanley";"$0.0";"AMEX"
"SPO";"Citigroup Inc.";"$238.2";"AMEX"
"SPU";"Citigroup Inc.";"NA";"AMEX"
"SPY";"SPDR Trust Series I";"$63,868.0";"AMEX"
"SQT";"AB Svensk Ekportkredit (Swedish Export Credit Corporation)";"$152.0";"AMEX"
"SRG";"Seanergy Maritime Corp";"$281.4";"AMEX"
"SRG-U";"Seanergy Maritime Corp";"$0.0";"AMEX"
"SRG-WT";"Seanergy Maritime Corp";"$0.0";"AMEX"
"SRK";"Merrill Lynch & Co., Inc.";"$0.0";"AMEX"
"SRO";"Scudder RREEF Real Estate Fund II, Inc.";"$393.8";"AMEX"
"SRQ";"Scudder RREEF Real Estate Fund, Inc.";"$231.2";"AMEX"
"SRS";"ProShares Trust";"$138.2";"AMEX"
"SRU";"Citigroup Inc.";"NA";"AMEX"
"SS-PK";"SiM Internal Test 9";"NA";"AMEX"
"SSE";"Southern Connecticut Bancorp Inc";"$19.1";"AMEX"
"SSG";"ProShares Trust";"$11.2";"AMEX"
"SSK";"SPA ETF Trust";"$2.0";"AMEX"
"SSM";"Merrill Lynch & Co., Inc.";"$0.0";"AMEX"
"SSN";"Samson Oil & Gas Limited";"$1.9";"AMEX"
"SSO";"ProShares Trust";"$142.6";"AMEX"
"SSY";"SunLink Health Systems, Inc.";"$37.3";"AMEX"
"STF";"Merrill Lynch & Co., Inc.";"$0.0";"AMEX"
"STH";"Claymore Exchange-Traded Fund Trust";"$8.2";"AMEX"
"STS";"Supreme Industries, Inc.";"$49.1";"AMEX"
"SUF";"Sulphco, Inc.";"$214.3";"AMEX"
"SUO";"Morgan Stanley";"$0.0";"AMEX"
"SVA";"Sinovac Biotech, Ltd.";"$131.8";"AMEX"
"SVD";"SPA ETF Trust";"$2.1";"AMEX"
"SVE";"Citigroup Inc.";"$0.0";"AMEX"
"SVG";"Morgan Stanley";"$0.0";"AMEX"
"SVT";"Servotronics, Inc.";"$33.8";"AMEX"
"SWH";"Merrill Lynch Software HOLDRS";"$125.2";"AMEX"
"SYI";"Synvista Therapeutics, Inc";"$4.2";"AMEX"
"SYP";"Citigroup Inc.";"$14.7";"AMEX"
"SZF";"Citigroup Inc.";"$11.8";"AMEX"
"SZG";"SPA ETF Trust";"$4.2";"AMEX"
"SZK";"ProShares Trust";"$12.3";"AMEX"
"SZL";"Merrill Lynch & Co., Inc.";"NA";"AMEX"
"SZX";"Merrill Lynch & Co., Inc.";"$7.2";"AMEX"
"TA";"TravelCenters of America LLC";"$33.0";"AMEX"
"TAQ";"Transforma Acquisition Group";"$122.2";"AMEX"
"TAQ-U";"Transforma Acquisition Group";"$0.0";"AMEX"
"TAQ-WT";"TRANSFORMA ACQUISITION GROUP";"$0.0";"AMEX"
"TBT";"ProShares Trust";"NA";"AMEX"
"TBV";"Tiens Biotech Group (USA), Inc.";"$76.3";"AMEX"
"TCW";"Triplecrown Acquisition Corp.";"$638.9";"AMEX"
"TCW-U";"Triplecrown Acquisition Corp.";"$0.0";"AMEX"
"TCW-WT";"Triplecrown Acquisition Corp.";"$0.0";"AMEX"
"TCX";"TUCOWS INC";"$40.6";"AMEX"
"TDS";"Telephone and Data Systems, Inc.";"$2,360.5";"AMEX"
"TDS-S";"Telephone and Data Systems, Inc.";"$2,381.0";"AMEX"
"TEC";"Teton Energy Corporation";"$101.3";"AMEX"
"TF";"Thai Capital Fund Inc";"$31.8";"AMEX"
"TFI";"SPDR Series Trust";"$196.3";"AMEX"
"TGB";"Taseko Mines Limited";"$583.7";"AMEX"
"TGC";"Tengasco, Inc.";"$164.6";"AMEX"
"TGM";"TARGETS Trust";"NA";"AMEX"
"TGY";"Tremisis Energy Acquisition Corporation II";"$90.9";"AMEX"
"TGY-U";"Tremisis Energy Acquisition Corporation II";"$0.0";"AMEX"
"TGY-WT";"Tremisis Energy Acquisition Corporation II";"$0.0";"AMEX"
"THK";"Think Partnership Inc.";"$36.9";"AMEX"
"THM";"International Tower Hill Mines Ltd";"$61.1";"AMEX"
"TIK";"Tel-Instrument Electronics Corp.";"$9.7";"AMEX"
"TIL";"Trans-India Acquisition Corporation";"$107.5";"AMEX"
"TIL-U";"Trans-India Acquisition Corporation";"$0.0";"AMEX"
"TIL-WT";"Trans-India Acquisition Corporation";"$0.0";"AMEX"
"TIS";"Orchids Paper Products Company";"$47.5";"AMEX"
"TIV";"Tri-Valley Corporation";"$180.9";"AMEX"
"TKO";"Telkonet, Inc.";"$35.0";"AMEX"
"TKP";"Polaris Acquisition Corporation";"$179.1";"AMEX"
"TKP-U";"Polaris Acquisition Corporation";"$0.0";"AMEX"
"TKP-WT";"Polaris Acquisition Corporation";"$0.0";"AMEX"
"TLF";"Tandy Leather Factory, Inc.";"$32.9";"AMEX"
"TLL";"ProShares Trust";"NA";"AMEX"
"TLO";"SPDR Series Trust";"$10.7";"AMEX"
"TLR";"Timberline Resources Corporation";"$68.2";"AMEX"
"TLX";"Trans-Lux Corporation";"$7.5";"AMEX"
"TMI";"TM Entertainment and Media, Inc.";"$91.4";"AMEX"
"TMI-U";"TM Entertainment and Media, Inc.";"$78.7";"AMEX"
"TMI-WT";"TM Entertainment and Media, Inc.";"$6.3";"AMEX"
"TMP";"TompkinsTrustco, Inc.";"$398.0";"AMEX"
"TMW";"FORTUNE 500 Index Tracking Stock";"$109.3";"AMEX"
"TMY";"Transmeridian Exploration Inc";"$69.0";"AMEX"
"TNF";"Tailwind Financial Inc";"$113.4";"AMEX"
"TNF-U";"Tailwind Financial Inc";"$0.0";"AMEX"
"TNF-WT";"Tailwind Financial Inc";"$0.0";"AMEX"
"TO";"Tech/Ops Sevcon, Inc.";"$21.9";"AMEX"
"TOF";"Tofutti Brands Inc.";"$15.2";"AMEX"
"TOH";"Hicks Acquisition Company I,  Inc.";"$648.6";"AMEX"
"TOH-U";"Hicks Acquisition Company I,  Inc.";"$0.0";"AMEX"
"TOH-WT";"Hicks Acquisition Company I,  Inc.";"$0.0";"AMEX"
"TPA";"Morgan Stanley Dean Witter & Co.";"$69.5";"AMEX"
"TPS";"Morgan Stanley Dean Witter & Co.";"$21.5";"AMEX"
"TQ";"Cash Technologies, Inc.";"$7.2";"AMEX"
"TQK";"Morgan Stanley";"$0.0";"AMEX"
"TRE";"Tanzanian Royalty Exploration Corporation";"$452.0";"AMEX"
"TRT";"Trio-Tech International";"$15.5";"AMEX"
"TSC";"Stephan Company (The)";"$12.2";"AMEX"
"TSH";"Teche Holding Company";"$64.1";"AMEX"
"TSR";"TARGETS Trust XXVI";"NA";"AMEX"
"TSV";"Wachovia Corporation";"$11.5";"AMEX"
"TTH";"Merrill Lynch Telecom HOLDRS";"$198.7";"AMEX"
"TTP";"Titan Pharmaceuticals, Inc.";"$42.5";"AMEX"
"TTY";"2020 ChinaCap Acquirco Inc";"$78.2";"AMEX"
"TTY-U";"2020 ChinaCap Acquirco Inc";"$0.0";"AMEX"
"TTY-WT";"2020 ChinaCap Acquirco Inc";"$0.0";"AMEX"
"TUX";"Trian Acquisition I Corp.";"$1,059.2";"AMEX"
"TUX-U";"Trian Acquisition I Corp.";"$0.0";"AMEX"
"TUX-WT";"Trian Acquisition I Corp.";"$0.0";"AMEX"
"TVH";"Media & Entertainment Holdings, Inc";"$115.1";"AMEX"
"TVH-U";"Media & Entertainment Holdings, Inc";"$0.0";"AMEX"
"TVH-WT";"Media & Entertainment Holdings, Inc";"$0.0";"AMEX"
"TWM";"ProShares Trust";"$282.0";"AMEX"
"TYM";"ASIA TIME CORP";"$107.8";"AMEX"
"UBD";"Claymore Exchange-Traded Fund Trust";"$4.9";"AMEX"
"UCC";"ProShares Trust";"$2.7";"AMEX"
"UDN";"POWERSHARES DB US DOLLAR INDEX BULLISH FUND";"$89.1";"AMEX"
"UDW";"US DATAWORKS INC";"$4.4";"AMEX"
"UEC";"Uranium Energy Corp.";"$91.6";"AMEX"
"UEM";"Claymore Exchange-Traded Fund Trust";"$9.6";"AMEX"
"UG";"United-Guardian, Inc.";"$57.6";"AMEX"
"UGA";"United States Gasoline Fund";"$26.5";"AMEX"
"UGE";"ProShares Trust";"$8.2";"AMEX"
"UHN";"United States Heating Oil Fund LP";"$19.7";"AMEX"
"UKF";"ProShares Trust";"$8.0";"AMEX"
"UKK";"ProShares Trust";"$7.3";"AMEX"
"UKW";"ProShares Trust";"$7.6";"AMEX"
"ULQ";"Claymore Exchange-Traded Fund Trust";"$5.0";"AMEX"
"ULU";"Uluru Inc.";"$61.2";"AMEX"
"UMH";"UMH Properties, Inc.";"$88.0";"AMEX"
"UNB";"Union Bankshares, Inc.";"$89.4";"AMEX"
"UNG";"United States Natural Gas Fund, LP";"$584.3";"AMEX"
"UOY";"MACROshares $100 Oil Up Trust";"NA";"AMEX"
"UPG";"Universal Power Group Inc";"$17.1";"AMEX"
"UPI";"Uroplasty, Inc.";"$44.8";"AMEX"
"UPW";"ProShares Trust";"$11.2";"AMEX"
"UQM";"UQM TECHNOLOGIES INC";"$56.6";"AMEX"
"URE";"ProShares Trust";"$1.9";"AMEX"
"URX";"United Refining Energy Corp";"$520.3";"AMEX"
"URX-U";"United Refining Energy Corp";"$0.0";"AMEX"
"URX-WT";"United Refining Energy Corp";"$0.0";"AMEX"
"URZ";"URANERZ ENERGY CORPORATION";"$140.1";"AMEX"
"USD";"ProShares Trust";"$6.4";"AMEX"
"USL";"United States 12 Month Oil Fund LP";"$17.6";"AMEX"
"USM";"United States Cellular Corporation";"$3,022.9";"AMEX"
"USO";"United States Oil Fund LP";"$1,044.8";"AMEX"
"USQ";"Union Street Acquisition Corp";"$121.4";"AMEX"
"USQ-U";"Union Street Acquisition Corp";"$0.0";"AMEX"
"USQ-WT";"Union Street Acquisition Corp";"$0.0";"AMEX"
"UTG";"Reaves Utility Income Fund";"$492.5";"AMEX"
"UTH";"Merrill Lynch Utilities HOLDRS";"$350.7";"AMEX"
"UTK";"UTEK Corporation";"$91.2";"AMEX"
"UTL";"UNITIL Corporation";"$155.4";"AMEX"
"UUD";"Merrill Lynch & Co., Inc.";"$137.5";"AMEX"
"UUP";"POWERSHARES DB US DOLLAR INDEX BULLISH FUND";"$8.9";"AMEX"
"UUU";"Universal Security Instruments, Inc.";"$12.7";"AMEX"
"UUY";"Merrill Lynch & Co., Inc.";"$0.0";"AMEX"
"UVE";"UNIVERSAL INSURANCE HOLDINGS INC";"$140.8";"AMEX"
"UVG";"ProShares Trust";"$5.9";"AMEX"
"UVT";"ProShares Trust";"$5.2";"AMEX"
"UVU";"ProShares Trust";"$5.8";"AMEX"
"UWM";"ProShares Trust";"$16.9";"AMEX"
"UWN";"Nevada Gold & Casinos, Inc.";"$14.6";"AMEX"
"UXG";"U.S. Gold Corporation";"$150.6";"AMEX"
"UXI";"ProShares Trust";"$4.1";"AMEX"
"UYG";"ProShares Trust";"$2.7";"AMEX"
"UYM";"ProShares Trust";"$13.4";"AMEX"
"UZW";"Merrill Lynch & Co., Inc.";"$0.0";"AMEX"
"VAW";"Vanguard Materials ETF";"NA";"AMEX"
"VAZ";"Delaware Investments Arizona Municipal Income Fund, Inc.";"$36.0";"AMEX"
"VB";"Vanguard Small-Cap ETF";"NA";"AMEX"
"VBK";"Vanguard Small-Cap Growth ETF";"NA";"AMEX"
"VBR";"Vanguard Small-Cap Value ETF";"NA";"AMEX"
"VCF";"Delaware Investments Colorado Municipal Income Fund, Inc";"$69.3";"AMEX"
"VCR";"Vanguard Consumer Discretionary ETF";"NA";"AMEX"
"VDC";"Vanguard Consumer Staples ETF";"NA";"AMEX"
"VDE";"Vanguard Energy ETF";"NA";"AMEX"
"VEA";"Vanguard Tax-Managed Funds";"NA";"AMEX"
"VEU";"Vanguard FTSE All World Ex US ETF";"NA";"AMEX"
"VFH";"Vanguard Financials ETF";"NA";"AMEX"
"VFL";"Delaware Investments Florida Insured Municipal Income Fund";"$28.2";"AMEX"
"VGK";"Vanguard European ETF";"NA";"AMEX"
"VGT";"Vanguard Information Technology ETF";"NA";"AMEX"
"VGZ";"Vista Gold Corporation";"$153.1";"AMEX"
"VHC";"VirnetX Holding Corp";"$115.2";"AMEX"
"VHT";"Vanguard Health Care ETF";"NA";"AMEX"
"VIG";"Vanguard Dividend Appreciation ETF";"$39.8";"AMEX"
"VII";"Vicon Industries, Inc";"$23.9";"AMEX"
"VIS";"Vanguard Industrials ETF";"NA";"AMEX"
"VKI";"Van Kampen Advantage Municipal Income Trust II";"$522.5";"AMEX"
"VKL";"Van Kampen Select Sector Municipal Trust";"$177.9";"AMEX"
"VMM";"Delaware Investments Minnesota Municipal Income Fund II, Inc.";"$149.6";"AMEX"
"VMV";"Van Kampen Massachusetts Value Municipal Income Trust";"$37.8";"AMEX"
"VNQ";"Vanguard REIT ETF";"$1,124.0";"AMEX"
"VO";"Vanguard Mid-Cap ETF";"NA";"AMEX"
"VOE";"Vanguard Mid-Cap Value ETF";"NA";"AMEX"
"VOT";"Vanguard Mid-Cap Growth ETF";"NA";"AMEX"
"VOX";"Vanguard Telecommunication Services ETF";"NA";"AMEX"
"VPF";"Valpey Fisher Corporation";"$17.3";"AMEX"
"VPL";"Vanguard Pacific ETF";"NA";"AMEX"
"VPS";"Vermont Pure Holdings, Ltd.";"$28.2";"AMEX"
"VPU";"Vanguard Utilities ETF";"NA";"AMEX"
"VRY";"Victory Acquisition Corp";"$386.0";"AMEX"
"VRY-U";"Victory Acquisition Corp";"$0.0";"AMEX"
"VRY-WT";"Victory Acquisition Corp";"$0.0";"AMEX"
"VSR";"Versar, Inc.";"$42.6";"AMEX"
"VTG";"Vantage Drilling Company";"$347.1";"AMEX"
"VTG-U";"Vantage Drilling Company";"$0.0";"AMEX"
"VTG-WT";"Vantage Drilling Company";"$0.0";"AMEX"
"VTI";"Vanguard Total Stock Market ETF";"$86,388.5";"AMEX"
"VTV";"Vanguard Value ETF";"NA";"AMEX"
"VUG";"Vanguard Growth ETF";"NA";"AMEX"
"VV";"Vanguard Large-Cap ETF";"NA";"AMEX"
"VWO";"Vanguard Emerging Markets ETF";"NA";"AMEX"
"VXC-PD";"Vineyard National Bancorp";"$4.6";"AMEX"
"VXF";"Vanguard Extended Market ETF";"$18.8";"AMEX"
"VYM";"Vanguard High Dividend Yield ETF";"NA";"AMEX"
"WEL";"Boots and Coots International Well Control,  Inc.";"$158.0";"AMEX"
"WEX";"Winland Electronics, Inc.";"$5.5";"AMEX"
"WGA";"Wells-Gardner Electronics Corporation";"$16.0";"AMEX"
"WGW";"Western Goldfields, Inc. (Canada)";"$313.6";"AMEX"
"WIP";"SPDR Series Trust";"NA";"AMEX"
"WIS-P";"Wisconsin Power & Light Co.";"$8.2";"AMEX"
"WLB";"Westmoreland Coal Company";"$209.5";"AMEX"
"WLB-P";"Westmoreland Coal Company";"$37.6";"AMEX"
"WMH";"Merrill Lynch Wireless HOLDRS";"$51.9";"AMEX"
"WOC";"Wilshire Enterprises Inc";"$29.9";"AMEX"
"WSC";"Wesco Financial Corporation";"$2,670.4";"AMEX"
"WSO-B";"Watsco, Inc.";"$162.9";"AMEX"
"WTT";"Wireless Telecom Group,  Inc.";"$30.8";"AMEX"
"WVK";"Morgan Stanley";"$0.0";"AMEX"
"WWZ-PK";"SiM Internal Test 10";"NA";"AMEX"
"WYY";"WidePoint Corporation";"$46.4";"AMEX"
"WZE";"WIZZARD SOFTWARE CORPORATION";"$60.2";"AMEX"
"XBI";"SPDR Series Trust";"$281.2";"AMEX"
"XCR";"Xcorporeal, Inc.";"$17.5";"AMEX"
"XES";"SPDR Series Trust";"$228.3";"AMEX"
"XFN";"Xfone, Inc.";"$53.5";"AMEX"
"XGC";"Claymore Exchange-Traded Fund Trust";"$5.8";"AMEX"
"XHB";"SPDR Series Trust";"$239.9";"AMEX"
"XLB";"Select Sector SPDR Fund - Basic Industries";"$1,546.0";"AMEX"
"XLE";"Select Sector SPDR Fund - Energy Select Sector";"$5,142.4";"AMEX"
"XLF";"Select Sector SPDR Fund - Financial";"$5,035.7";"AMEX"
"XLG";"Rydex ETF Trust";"$535.1";"AMEX"
"XLI";"Select Sector SPDR Fund - Industrial";"$1,443.3";"AMEX"
"XLK";"Select Sector SPDR Fund - Technology";"$2,585.4";"AMEX"
"XLP";"Select Sector SPDR Fund - Consumer Staples";"$2,382.2";"AMEX"
"XLU";"Select Sector SPDR Fund - Utilities";"$2,601.6";"AMEX"
"XLV";"Select Sector SPDR Fund - Health Care";"$2,274.8";"AMEX"
"XLY";"Select Sector SPDR Fund - Consumer Discretionary";"$795.7";"AMEX"
"XME";"SPDR Series Trust";"$343.0";"AMEX"
"XNL";"Xethanol Corporation";"$12.3";"AMEX"
"XNN";"Xenonics Holdings, Inc.";"$17.1";"AMEX"
"XOP";"SPDR Series Trust";"$106.5";"AMEX"
"XPH";"SPDR Series Trust";"$7.9";"AMEX"
"XPL";"Solitario Exploration & Royalty Corp";"$133.1";"AMEX"
"XPO";"Express-1 Expedited Solutions, Inc.";"$40.0";"AMEX"
"XRA";"Exeter Resource Corporation";"$162.8";"AMEX"
"XRO";"Claymore Exchange-Traded Fund Trust";"$117.4";"AMEX"
"XRT";"SPDR Series Trust";"$90.8";"AMEX"
"XSD";"SPDR Series Trust";"$136.7";"AMEX"
"XSI";"American Caresource Holdings Inc";"$74.6";"AMEX"
"XUF";"Merrill Lynch & Co., Inc.";"$0.0";"AMEX"
"YMI";"YM BioSciences, Inc.";"$42.4";"AMEX"
"YYY";"Bear Stearns Companies, Inc (The)";"$0.0";"AMEX"
"ZBB";"ZBB Energy Corporation";"$42.6";"AMEX"
"ZN";"ZION OIL & GAS INC";"$60.7";"AMEX"
"ZTM";"Z-Trim Holdings, Inc.";"$14.3";"AMEX"
"ZXX";"SM Listed Test 3";"NA";"AMEX"
"ZXX-PF";"SM Listed Test 3";"NA";"AMEX"
